{
  "colors": [
    "#000000",
    "#ffffff",
    "#92d3f5",
    "#61b2e4",
    "#ea5a47",
    "#d22f27",
    "#b1cc33",
    "#5c9e31",
    "#fcea2b",
    "#f1b31c",
    "#d0cfce",
    "#9b9b9a",
    "#3f3f3f",
    "#f4aa41",
    "#e27022",
    "#ffa7c0",
    "#e67a94",
    "#b399c8",
    "#8967aa",
    "#a57939",
    "#6a462f",
    "#1e50a0",
    "#781e32",
    "#186648"
  ],
  "skintones": {
    "fitzpatrick": ["#fadcbc", "#debb90", "#c19a65", "#a57939", "#6a462f"],
    "shadow": ["#debb90", "#c19a65", "#a57939", "#6a462f", "#352318"],
    "hair": ["#a57939", "#fcea2b", "#6a462f", "#000000", "#000000"]
  }
}
