emoji,hexcode,openmoji_tags,openmoji_author,openmoji_date
ℹ️,2139,"advice, info",Jose Avila,2018-04-18
🅿️,1F17F,"place, drive",Jose Avila,2018-04-18
㊗️,3297,"japanese, compliments",Jose Avila,2018-04-18
㊙️,3299,"japanese, mysterious",Jose Avila,2018-04-18
🆒,1F192,"popular, nice",Jose Avila,2018-04-18
🆔,1F194,id card,Jose Avila,2018-04-18
🆕,1F195,"modern, recent",Jose Avila,2018-04-18
🆗,1F197,okay,Jose Avila,2018-04-18
🆘,1F198,"emergency, warning",Jose Avila,2018-04-18
🆚,1F19A,against,Jose Avila,2018-04-18
🈂️,1F202,japanese,Jose Avila,2018-04-18
💯,1F4AF,"perfect, excellent",Jose Avila,2018-04-18
🔠,1F520,"letters, alphabet",Jose Avila,2018-04-18
🔡,1F521,"letters, alphabet",Jose Avila,2018-04-18
🔢,1F522,numbers,Jose Avila,2018-04-18
🔣,1F523,"ampersand, music, note, percentage",Jose Avila,2018-04-18
🔤,1F524,"letters, alphabet",Jose Avila,2018-04-18
🐸,1F438,"jump, green",Selina Bauder,2018-04-18
🐓,1F413,egg,Selina Bauder,2018-04-18
🦅,1F985,fly,Selina Bauder,2018-04-18
🦆,1F986,"water, fly",Selina Bauder,2018-04-18
🐔,1F414,egg,Selina Bauder,2018-04-18
🐣,1F423,"baby, egg",Selina Bauder,2018-04-18
🐤,1F424,"small, baby, egg",Selina Bauder,2018-04-18
🐥,1F425,,Selina Bauder,2018-04-18
🐦️,1F426,"fly, colourful",Selina Bauder,2018-04-18
🐧,1F427,,Selina Bauder,2018-04-18
🕊️,1F54A,fly,Selina Bauder,2018-04-18
🦃,1F983,,Selina Bauder,2018-04-18
🦉,1F989,,Selina Bauder,2018-04-18
🕷️,1F577,,Selina Bauder,2018-04-18
🐌,1F40C,,Selina Bauder,2018-04-18
🐝,1F41D,,Selina Bauder,2018-04-18
🐛,1F41B,,Selina Bauder,2018-04-18
🐜,1F41C,,Selina Bauder,2018-04-18
🐞,1F41E,,Selina Bauder,2018-04-18
🕸️,1F578,,Selina Bauder,2018-04-18
🦂,1F982,,Selina Bauder,2018-04-18
🦋,1F98B,,Selina Bauder,2018-04-18
🦗,1F997,,Selina Bauder,2018-04-18
🐁,1F401,"small, cute, whiskers, tiny, rodent",Sofie Ascherl,2018-04-18
🐈️,1F408,"pet, kitty, kitten, miau",Sofie Ascherl,2018-04-18
🐎,1F40E,"riding, sport",Sofie Ascherl,2018-04-18
🐒,1F412,"jungle, ape, evolution, primate",Sofie Ascherl,2018-04-18
🐕️,1F415,"puppy, doggy",Sofie Ascherl,2018-04-18
🐖,1F416,"pork, farm, pink, meat, oink",Sofie Ascherl,2018-04-18
🐘,1F418,"big, wrinkles, trunk, töröö",Sofie Ascherl,2018-04-18
🐭,1F42D,"cute, whiskers, tiny, rodent",Sofie Ascherl,2018-04-18
🐮,1F42E,"farm, milk, beef, grass, dairy, horns, cheese",Sofie Ascherl,2018-04-18
🦄,1F984,"fabulous, magical, rainbow, schwäbisch, gmünd",Sofie Ascherl,2018-04-18
🦊,1F98A,"smart, red, quick, intelligent",Sofie Ascherl,2018-04-18
🐀,1F400,"rodent, plaque, fleas, canal, garbage",Sofie Ascherl,2018-04-18
🐂,1F402,"strong, farm, acre, horns, beef",Sofie Ascherl,2018-04-18
🐃,1F403,"black, horns, beef",Sofie Ascherl,2018-04-18
🐄,1F404,"farm, milk, beef, grass, dairy, horns, cheese",Sofie Ascherl,2018-04-18
🐅,1F405,"stripes, strong, cat, wild",Sofie Ascherl,2018-04-18
🐆,1F406,"dots, strong, cat, wild, spots",Sofie Ascherl,2018-04-18
🐇,1F407,"rodent, teeth, cute, ears, bunny, hopping, easter",Sofie Ascherl,2018-04-18
🐏,1F40F,"horns, grass, hooves, wool",Sofie Ascherl,2018-04-18
🐐,1F410,"horns, farm, milk, cheese",Sofie Ascherl,2018-04-18
🐑,1F411,"horns, grass, hooves, wool, farm",Sofie Ascherl,2018-04-18
🐗,1F417,"wild, strong, forest, angry, teeth, tusk",Sofie Ascherl,2018-04-18
🐨,1F428,"grey, fluffy, eucalyptus, australia, clingy",Sofie Ascherl,2018-04-18
🐪,1F42A,"desert, oasis, sahara, sun, hot, hump",Sofie Ascherl,2018-04-18
🐫,1F42B,"desert, oasis, sahara, sun, hot, hump",Sofie Ascherl,2018-04-18
🐯,1F42F,"stripes, strong, cat, wild",Sofie Ascherl,2018-04-18
🐰,1F430,"rodent, teeth, cute, ears, bunny, hopping, easter",Sofie Ascherl,2018-04-18
🐱,1F431,"pet, kitty, kitten, miau",Sofie Ascherl,2018-04-18
🐴,1F434,"riding, sport",Sofie Ascherl,2018-04-18
🐵,1F435,"jungle, ape, evolution, primate, africa",Sofie Ascherl,2018-04-18
🐶,1F436,"friend, puppy, doggy",Sofie Ascherl,2018-04-18
🐷,1F437,"pork, farm, pink, meat, oink",Sofie Ascherl,2018-04-18
🐹,1F439,"rodent, fat, fluffy, corn",Sofie Ascherl,2018-04-18
🐺,1F43A,"pack, wild, free, forest, dog",Sofie Ascherl,2018-04-18
🐻,1F43B,"brown, salmon, river, thick",Sofie Ascherl,2018-04-18
🐼,1F43C,"kawaii, cute, japan",Sofie Ascherl,2018-04-18
🐽,1F43D,"smell, socket, nose",Sofie Ascherl,2018-04-18
🐾,1F43E,"paws, feet, pet, animal",Sofie Ascherl,2018-04-18
🐿️,1F43F,"squirrel, alvin",Sofie Ascherl,2018-04-18
🦁,1F981,"king, simba, royal, wild, cat",Sofie Ascherl,2018-04-18
🦇,1F987,"batman, dracula",Sofie Ascherl,2018-04-18
🦌,1F98C,"forest, hunt, antler",Sofie Ascherl,2018-04-18
🦍,1F98D,"monkey, primate, evolution",Sofie Ascherl,2018-04-18
🦏,1F98F,"rhino, horn, africa",Sofie Ascherl,2018-04-18
🦒,1F992,"long, neck, trees, big",Sofie Ascherl,2018-04-18
🦓,1F993,"horse, black, white",Sofie Ascherl,2018-04-18
🦔,1F994,"prickly, fall, apple, leafs",Sofie Ascherl,2018-04-18
🐟️,1F41F,"swim, animal, water",Selina Bauder,2018-04-18
🐬,1F42C,"swim, animal, water",Selina Bauder,2018-04-18
🦈,1F988,"swim, animal, water",Selina Bauder,2018-04-18
🐋,1F40B,"swim, animal, water",Selina Bauder,2018-04-18
🐙,1F419,"swim, animal, water",Selina Bauder,2018-04-18
🐚,1F41A,"beach, sand, water",Selina Bauder,2018-04-18
🐠,1F420,"swim, animal, water",Selina Bauder,2018-04-18
🐡,1F421,"swim, animal, water",Selina Bauder,2018-04-18
🐳,1F433,"swim, animal, water",Selina Bauder,2018-04-18
🦀,1F980,"beach, sand, water",Selina Bauder,2018-04-18
🦐,1F990,"swim, animal, water, food",Selina Bauder,2018-04-18
🦑,1F991,"swim, animal, water",Selina Bauder,2018-04-18
🐍,1F40D,"wriggle, fast,",Selina Bauder,2018-04-18
🐢,1F422,"slow, water, sand",Selina Bauder,2018-04-18
🦖,1F996,dinosaur,Selina Bauder,2018-04-18
🐉,1F409,"fire, fly",Selina Bauder,2018-04-18
🐊,1F40A,dinosaur,Selina Bauder,2018-04-18
🐲,1F432,"fire, fly",Selina Bauder,2018-04-18
🦎,1F98E,"fast, small",Selina Bauder,2018-04-18
🦕,1F995,dinosaur,Selina Bauder,2018-04-18
↔️,2194,"directions, opposite, left and right",Jose Avila,2018-04-18
↕️,2195,"directions, opposite, up and down",Jose Avila,2018-04-18
↖️,2196,"diagonal, left up",Guemil Project,2019-01-14
↗️,2197,"diagonal, right up",Guemil Project,2019-01-14
↘️,2198,"diagonal, right down",Guemil Project,2019-01-14
↙️,2199,"diagonal, left down",Guemil Project,2019-01-14
⤴️,2934,"direction, curve up",Jose Avila,2018-04-18
⤵️,2935,"direction, curve down",Jose Avila,2018-04-18
🔄,1F504,cycle,Jose Avila,2018-04-18
➡️,27A1,"right, soon, future",Guemil Project,2019-01-14
⬅️,2B05,"left, past",Guemil Project,2019-01-14
⬆️,2B06,"up, above",Guemil Project,2019-01-14
⬇️,2B07,"down, underneath",Guemil Project,2019-01-14
↩️,21A9,"directions, turn around",Jose Avila,2018-04-18
↪️,21AA,"directions, turn around",Jose Avila,2018-04-18
🔀,1F500,random,Jose Avila,2018-04-18
🔁,1F501,cycle,Jose Avila,2018-04-18
🔂,1F502,,Jose Avila,2018-04-18
🔼,1F53C,improve,Jose Avila,2018-04-18
🔽,1F53D,"decline, decrease",Jose Avila,2018-04-18
▶️,25B6,,Jose Avila,2018-04-18
⏩️,23E9,,Jose Avila,2018-04-18
🎦,1F3A6,,Jose Avila,2018-04-18
📳,1F4F3,silent mode,Jose Avila,2018-04-18
📶,1F4F6,,Jose Avila,2018-04-18
⏏️,23CF,,Jose Avila,2018-04-18
⏪️,23EA,,Jose Avila,2018-04-18
⏫,23EB,,Jose Avila,2018-04-18
⏬,23EC,,Jose Avila,2018-04-18
⏭️,23ED,,Jose Avila,2018-04-18
⏮️,23EE,,Jose Avila,2018-04-18
⏯️,23EF,,Jose Avila,2018-04-18
⏸️,23F8,,Jose Avila,2018-04-18
⏹️,23F9,,Jose Avila,2018-04-18
⏺️,23FA,,Jose Avila,2018-04-18
◀️,25C0,,Jose Avila,2018-04-18
📴,1F4F4,caos,Jose Avila,2018-04-18
🔅,1F505,,Jose Avila,2018-04-18
🔆,1F506,,Jose Avila,2018-04-18
🏆️,1F3C6,"Trophy, Championship, Winner, Gold Cup, award",Julian Grüneberg,2018-04-18
🎖️,1F396,"Medal, Medallion, Military, Ribbon",Julian Grüneberg,2018-04-18
🏅,1F3C5,"Sports, Medal, Sporting",Julian Grüneberg,2018-04-18
🥇,1F947,"Gold Medal, Gold, Medal, 1st Place Medal, First Place Medal",Julian Grüneberg,2018-04-18
🥈,1F948,"Silver, Medal, Silver Medal, Second Place, Second Place Medal, 2nd Place Medal",Julian Grüneberg,2018-04-18
🥉,1F949,"Bronze, Medal, Bronze Medal, Third Place, Third Place Medal, 3rd Place Medal",Julian Grüneberg,2018-04-18
👆️,1F446,"backhand, finger, hand, index, point, up, Middle Finger, White Up",Julian Grüneberg,2018-04-18
👇️,1F447,"backhand, down, finger, hand, index, point, point, down, Middle Finger, White down",Julian Grüneberg,2018-04-18
👈️,1F448,"backhand, finger, hand, index, point, point, left, Middle Finger, White left",Julian Grüneberg,2018-04-18
👉️,1F449,"backhand, finger, hand, index, point, point, right, Middle Finger, White right",Julian Grüneberg,2018-04-18
👊,1F44A,"clenched, fist, hand, punch, fist, oncoming fist, Brofist, Bro, Bump,",Julian Grüneberg,2018-04-18
👋,1F44B,"Hello, Goodbye, Waving Hand Sign, Wave",Julian Grüneberg,2018-04-18
👌,1F44C,"hand, ok, okay, perfect",Julian Grüneberg,2018-04-18
👍️,1F44D,"Like, yes, +1, hand, thumb, up, thumbs up, thumbs up",Julian Grüneberg,2018-04-18
👎️,1F44E,"Dislike no, Thumbs Down, Thumbs Down sign, -1, down, hand, thumb, thumbs",Julian Grüneberg,2018-04-18
👏,1F44F,"clap, hand, clapping hands, Applause, Clap, Clapping, Golf Clap, Round Of Applause",Julian Grüneberg,2018-04-18
👐,1F450,"Hug, Open Hands, Open, Hands, Jazz Hands, Jazz",Julian Grüneberg,2018-04-18
💪,1F4AA,"Flexed Biceps, Biceps, Flexed, flex, muscle, Feats of Strength, strength, feats, Strong, lisa schulz, julian grüneberg",Julian Grüneberg,2018-04-18
🖐️,1F590,"Five Hand, Hand, Five, Splayed",Julian Grüneberg,2018-04-18
🙌,1F64C,"Raising Hands, Raising, Hands, celebration, gesture, hand, hooray, raised, Arms In The Air, Banzai, Festivus Miracle, Hallelujah, Praise Hands, Two Hands",Julian Grüneberg,2018-04-18
🤘,1F918,"rock on, finger, hand, horns, rock-on, rock, Devil, Devil Fingers, Heavy, Metal, Heavy Metal, rock",Julian Grüneberg,2018-04-18
🤙,1F919,"Call Me Hand, call, hand, Phone, Shaka",Julian Grüneberg,2018-04-18
🤚,1F91A,"Backhand, raised, hand",Julian Grüneberg,2018-04-18
🤛,1F91B,"Fist, left, leftwards, Left-Facing Fist",Julian Grüneberg,2018-04-18
🤜,1F91C,"Right, fist, rightwards, right-Facing Fist",Julian Grüneberg,2018-04-18
🤝,1F91D,"Shaking Hands, agreement, hand, meeting, shake, hello, bye, goodbye",Julian Grüneberg,2018-04-18
🤞,1F91E,"Fingers Crossed, crossed, fingers, Good Luck, luck",Julian Grüneberg,2018-04-18
✌️,270C,"hand, v, victory, Air Quotes, quotes, Peace, Peace Sign, V Sign",Julian Grüneberg,2018-04-18
✍️,270D,"Writing Hand, Writing, Write",Julian Grüneberg,2018-04-18
👀,1F440,"eye, face, eyes",Julian Grüneberg,2018-04-18
👁️,1F441,"eye, face",Julian Grüneberg,2018-04-18
👂️,1F442,"ear, hear, listen",Julian Grüneberg,2018-04-18
👃,1F443,"nose, smell",Julian Grüneberg,2018-04-18
👄,1F444,"lips, kiss, mouth",Julian Grüneberg,2018-04-18
👅,1F445,"tongue, kiss, lick, licking",Julian Grüneberg,2018-04-18
🖕,1F595,"finger, hand, fingering",Julian Grüneberg,2018-04-18
🙏,1F64F,"ask, bow, folded, gesture, hand, please, pray, thanks",Julian Grüneberg,2018-04-18
🤟,1F91F,"hand, love, heavy metal",Julian Grüneberg,2018-04-18
🤲,1F932,"prayer, pray, god",Julian Grüneberg,2018-04-18
🧠,1F9E0,"brain, intelligent, clever",Julian Grüneberg,2018-04-18
✊,270A,"clenched, fist, hand, punch",Julian Grüneberg,2018-04-18
✋,270B,"raise, raised, raised hand, hand",Julian Grüneberg,2018-04-18
👁️‍🗨️,1F441-FE0F-200D-1F5E8-FE0F,"eye, speech bubble, witness",Julian Grüneberg,2018-04-18
👣,1F463,"clothing, footprint, print",Julian Grüneberg,2018-04-18
🖖,1F596,"finger, hand, spock, vulcan",Julian Grüneberg,2018-04-18
🤳,1F933,"camera, phone",Julian Grüneberg,2018-04-18
☝️,261D,"finger, hand, index, point, up",Julian Grüneberg,2018-04-18
📓,1F4D3,"book, read, write",Jonas Roßner,2018-04-18
📕,1F4D5,"book, read, write, closed",Jonas Roßner,2018-04-18
📖,1F4D6,"book, read, write, open",Jonas Roßner,2018-04-18
📚️,1F4DA,"book, read, write",Jonas Roßner,2018-04-18
📄,1F4C4,"write, text, paper",Jonas Roßner,2018-04-18
📰,1F4F0,"read, news, paper, text",Jonas Roßner,2018-04-18
🔖,1F516,"remember,",Jonas Roßner,2018-04-18
🏷️,1F3F7,"stick,",Jonas Roßner,2018-04-18
📃,1F4C3,"rolled, page, text",Jonas Roßner,2018-04-18
📒,1F4D2,"book, read, write",Jonas Roßner,2018-04-18
📜,1F4DC,"old, papyrus, text",Jonas Roßner,2018-04-18
😸,1F638,grinning,Emily Jäger,2018-04-18
😹,1F639,"laughing, smile",Emily Jäger,2018-04-18
😺,1F63A,grinning,Emily Jäger,2018-04-18
😻,1F63B,"hearts, red",Emily Jäger,2018-04-18
😼,1F63C,,Emily Jäger,2018-04-18
😽,1F63D,,Emily Jäger,2018-04-18
😾,1F63E,"sad, angry",Emily Jäger,2018-04-18
😿,1F63F,"unhappy, depressed",Emily Jäger,2018-04-18
🙀,1F640,wow,Emily Jäger,2018-04-18
🎓️,1F393,,Jonas Roßner,2018-04-18
👑,1F451,"crone, gold,",Jonas Roßner,2018-04-18
👓️,1F453,,Jonas Roßner,2018-04-18
💎,1F48E,"expensive,",Jonas Roßner,2018-04-18
🕶️,1F576,sunglasses,Jonas Roßner,2018-04-18
🛍️,1F6CD,"buy,",Jonas Roßner,2018-04-18
🎒,1F392,"young,",Jonas Roßner,2018-04-18
🎩,1F3A9,"magic,",Jonas Roßner,2018-04-18
👒,1F452,"beautiful,",Jonas Roßner,2018-04-18
👔,1F454,"cravatte, smart",Jonas Roßner,2018-04-18
👕,1F455,,Jonas Roßner,2018-04-18
👖,1F456,,Jonas Roßner,2018-04-18
👗,1F457,"beautiful, dress, woman",Jonas Roßner,2018-04-18
👘,1F458,"japan, clothing",Jonas Roßner,2018-04-18
👙,1F459,"summer,",Jonas Roßner,2018-04-18
👚,1F45A,,Jonas Roßner,2018-04-18
👛,1F45B,"money,",Jonas Roßner,2018-04-18
👜,1F45C,,Jonas Roßner,2018-04-18
👝,1F45D,,Jonas Roßner,2018-04-18
👞,1F45E,,Jonas Roßner,2018-04-18
👟,1F45F,,Jonas Roßner,2018-04-18
👠,1F460,,Jonas Roßner,2018-04-18
👡,1F461,,Jonas Roßner,2018-04-18
👢,1F462,,Jonas Roßner,2018-04-18
💍,1F48D,"expensive, jewelry",Jonas Roßner,2018-04-18
📿,1F4FF,"expensive, jewelry",Jonas Roßner,2018-04-18
💻️,1F4BB,"old, retro",Jonas Roßner,2018-04-18
💽,1F4BD,"old, retro",Jonas Roßner,2018-04-18
💾,1F4BE,"old, retro",Jonas Roßner,2018-04-18
🔋,1F50B,"electricity, energy, electric",Jonas Roßner,2018-04-18
🔌,1F50C,,Jonas Roßner,2018-04-18
🖥️,1F5A5,"electric, screen",Jonas Roßner,2018-04-18
🖱️,1F5B1,"electric, computer, mouse",Jonas Roßner,2018-04-18
🖨️,1F5A8,"color, electric",Jonas Roßner,2018-04-18
⌨️,2328,"key, write, electric",Jonas Roßner,2018-04-18
💿️,1F4BF,"analog,",Jonas Roßner,2018-04-18
📀,1F4C0,film,Jonas Roßner,2018-04-18
🔪,1F52A,eat,Jonas Roßner,2018-04-18
🍴,1F374,eat,Jonas Roßner,2018-04-18
🍽️,1F37D,eat,Jonas Roßner,2018-04-18
🥄,1F944,"metal, spoon, eat",Jonas Roßner,2018-04-18
🥢,1F962,"sticks, eat, chopstick",Jonas Roßner,2018-04-18
🍷,1F377,"classic, drink, beverage, alcohol",Laura Humpfer,2018-04-18
🍸️,1F378,"classic, alcohol, elegant, party",Laura Humpfer,2018-04-18
🍹,1F379,"cocktail, glass, drink, party, summer, party",Laura Humpfer,2018-04-18
🍺,1F37A,"beer, german, alcohol, bavaria, party",Laura Humpfer,2018-04-18
🍻,1F37B,"beer, german, party, alcohol, bavaria, party",Laura Humpfer,2018-04-18
🍼,1F37C,"baby, drink, sweet",Laura Humpfer,2018-04-18
🥂,1F942,"party, secco,",Laura Humpfer,2018-04-18
🥤,1F964,"beverage, fastfood",Laura Humpfer,2018-04-18
☕️,2615,,Laura Humpfer,2018-04-18
🍵,1F375,"glass, hot",Laura Humpfer,2018-04-18
🍶,1F376,,Laura Humpfer,2018-04-18
🍾,1F37E,"party, celebrate, event",Laura Humpfer,2018-04-18
🥃,1F943,"alcohol, classic",Laura Humpfer,2018-04-18
🥛,1F95B,,Laura Humpfer,2018-04-18
❤️,2764,"love, red",Laura Humpfer,2018-04-18
💋,1F48B,love,Laura Humpfer,2018-04-18
💔,1F494,heartbreak,Laura Humpfer,2018-04-18
💕,1F495,,Laura Humpfer,2018-04-18
💘,1F498,"love, inlove",Laura Humpfer,2018-04-18
💬,1F4AC,talk,Laura Humpfer,2018-04-18
💭,1F4AD,think,Laura Humpfer,2018-04-18
💓,1F493,love,Laura Humpfer,2018-04-18
💖,1F496,"love, inlove",Laura Humpfer,2018-04-18
💗,1F497,"love, inlove",Laura Humpfer,2018-04-18
💣️,1F4A3,explosion,Laura Humpfer,2018-04-18
💥,1F4A5,explosion,Laura Humpfer,2018-04-18
💨,1F4A8,,Laura Humpfer,2018-04-18
❣️,2763,,Laura Humpfer,2018-04-18
💌,1F48C,,Laura Humpfer,2018-04-18
💙,1F499,,Laura Humpfer,2018-04-18
💚,1F49A,,Laura Humpfer,2018-04-18
💛,1F49B,,Laura Humpfer,2018-04-18
💜,1F49C,,Laura Humpfer,2018-04-18
💝,1F49D,"present, love",Laura Humpfer,2018-04-18
💞,1F49E,,Laura Humpfer,2018-04-18
💟,1F49F,,Laura Humpfer,2018-04-18
💤,1F4A4,night,Laura Humpfer,2018-04-18
💦,1F4A6,,Laura Humpfer,2018-04-18
💫,1F4AB,shootingstar,Laura Humpfer,2018-04-18
🕳️,1F573,,Laura Humpfer,2018-04-18
🖤,1F5A4,,Laura Humpfer,2018-04-18
🗨️,1F5E8,,Laura Humpfer,2018-04-18
🗯️,1F5EF,,Laura Humpfer,2018-04-18
🎁,1F381,"present, birthday, christmas",Laura Humpfer,2018-04-18
🎃,1F383,pumpkin,Laura Humpfer,2018-04-18
🎄,1F384,,Laura Humpfer,2018-04-18
🎈,1F388,"balloon, birthday, party, decoration",Laura Humpfer,2018-04-18
🎉,1F389,"decoration, happy",Laura Humpfer,2018-04-18
🎊,1F38A,"decoration, happy",Laura Humpfer,2018-04-18
🎗️,1F397,,Laura Humpfer,2018-04-18
🎫,1F3AB,,Laura Humpfer,2018-04-18
✨,2728,"magic, beautiful",Laura Humpfer,2018-04-18
🎀,1F380,"present, gift, decoration, party, girl, girly, fashion",Laura Humpfer,2018-04-18
🎋,1F38B,,Laura Humpfer,2018-04-18
🎎,1F38E,,Laura Humpfer,2018-04-18
🎟️,1F39F,,Laura Humpfer,2018-04-18
🦩,1F9A9,flamingo,Mariella Steeb,2018-04-18
👿,1F47F,mean,Mariella Steeb,2018-04-18
💀,1F480,skull,Mariella Steeb,2018-04-18
💩,1F4A9,,Mariella Steeb,2018-04-18
😈,1F608,"malicious, sardonic",Mariella Steeb,2018-04-18
🤖,1F916,,Mariella Steeb,2018-04-18
☠️,2620,,Mariella Steeb,2018-04-18
👻,1F47B,ghost,Mariella Steeb,2018-04-18
👽️,1F47D,alien,Mariella Steeb,2018-04-18
☹️,2639,negative,Mariella Steeb,2018-04-18
😖,1F616,,Mariella Steeb,2018-04-18
😞,1F61E,,Mariella Steeb,2018-04-18
😟,1F61F,,Mariella Steeb,2018-04-18
😠,1F620,,Mariella Steeb,2018-04-18
😡,1F621,,Mariella Steeb,2018-04-18
😢,1F622,,Mariella Steeb,2018-04-18
😤,1F624,,Mariella Steeb,2018-04-18
😦,1F626,,Mariella Steeb,2018-04-18
😧,1F627,,Mariella Steeb,2018-04-18
😨,1F628,,Mariella Steeb,2018-04-18
😩,1F629,distraught,Mariella Steeb,2018-04-18
😬,1F62C,awkward,Daniel Utz,2019-11-11
😭,1F62D,,Mariella Steeb,2018-04-18
😰,1F630,"anxious, worried, considerate",Mariella Steeb,2018-04-18
😱,1F631,open mouth,Mariella Steeb,2018-04-18
😳,1F633,red jaws,Mariella Steeb,2018-04-18
😵,1F635,dead eyes,Mariella Steeb,2018-04-18
🙁,1F641,,Mariella Steeb,2018-04-18
🤬,1F92C,angry,Mariella Steeb,2018-04-18
🤪,1F92A,,Mariella Steeb,2018-04-18
🤯,1F92F,explosion,Mariella Steeb,2018-04-18
😌,1F60C,,Mariella Steeb,2018-04-18
😏,1F60F,,Mariella Steeb,2018-04-18
😐️,1F610,,Mariella Steeb,2018-04-18
😑,1F611,,Mariella Steeb,2018-04-18
😒,1F612,,Mariella Steeb,2018-04-18
😓,1F613,,Mariella Steeb,2018-04-18
😔,1F614,,Mariella Steeb,2018-04-18
😕,1F615,,Mariella Steeb,2018-04-18
😛,1F61B,,Mariella Steeb,2018-04-18
😜,1F61C,,Mariella Steeb,2018-04-18
😝,1F61D,,Mariella Steeb,2018-04-18
😣,1F623,,Mariella Steeb,2018-04-18
😥,1F625,,Mariella Steeb,2018-04-18
😪,1F62A,"snot bubble, side-tear",Mariella Steeb,2018-04-18
😫,1F62B,exhausted,Mariella Steeb,2018-04-18
😮,1F62E,,Mariella Steeb,2018-04-18
😯,1F62F,,Mariella Steeb,2018-04-18
😲,1F632,,Emily Jäger,2018-04-18
😴,1F634,tired,Emily Jäger,2018-04-18
😶,1F636,shhh,Emily Jäger,2018-04-18
🙃,1F643,turn,Emily Jäger,2018-04-18
🙄,1F644,annoyed,Emily Jäger,2018-04-18
🤐,1F910,,Emily Jäger,2018-04-18
🤔,1F914,"hand, overthinking",Emily Jäger,2018-04-18
🤑,1F911,"tongue, dollar",Emily Jäger,2018-04-18
🤤,1F924,"hungry, yummy",Emily Jäger,2018-04-18
🤨,1F928,suspiciously,Emily Jäger,2018-04-18
😀,1F600,"smile, happy",Emily Jäger,2018-04-18
😁,1F601,"happy, teeth, mouth",Emily Jäger,2018-04-18
😂,1F602,,Emily Jäger,2018-04-18
😄,1F604,"happy, teeth",Emily Jäger,2018-04-18
😅,1F605,laugh,Emily Jäger,2018-04-18
😆,1F606,,Emily Jäger,2018-04-18
😉,1F609,eye,Emily Jäger,2018-04-18
😊,1F60A,satisfied,Emily Jäger,2018-04-18
😋,1F60B,"yummy, tongue",Emily Jäger,2018-04-18
😍,1F60D,"hearts, happy",Emily Jäger,2018-04-18
😎,1F60E,,Emily Jäger,2018-04-18
😘,1F618,"love, happy",Emily Jäger,2018-04-18
😚,1F61A,"love, happy",Emily Jäger,2018-04-18
🙂,1F642,satisfied,Emily Jäger,2018-04-18
🤣,1F923,tears,Emily Jäger,2018-04-18
☺️,263A,satisfied,Emily Jäger,2018-04-18
😃,1F603,"eyes, teeth",Emily Jäger,2018-04-18
😗,1F617,,Emily Jäger,2018-04-18
😙,1F619,,Emily Jäger,2018-04-18
🤗,1F917,hands,Emily Jäger,2018-04-18
🤩,1F929,surprised,Emily Jäger,2018-04-18
😇,1F607,,Emily Jäger,2018-04-18
🤓,1F913,"glasses, learning",Emily Jäger,2018-04-18
🤠,1F920,howdy,Emily Jäger,2018-04-18
🤡,1F921,,Emily Jäger,2018-04-18
🤥,1F925,"nose, long",Emily Jäger,2018-04-18
🤫,1F92B,"hand, silent",Emily Jäger,2018-04-18
🤭,1F92D,"hand, mouth",Emily Jäger,2018-04-18
🧐,1F9D0,"glasses, intelligent",Emily Jäger,2018-04-18
😷,1F637,ill,Emily Jäger,2018-04-18
🤒,1F912,fever,Emily Jäger,2018-04-18
🤕,1F915,head,Emily Jäger,2018-04-18
🤢,1F922,green,Emily Jäger,2018-04-18
🤮,1F92E,,Emily Jäger,2018-04-18
🤧,1F927,tissue,Emily Jäger,2018-04-18
💏,1F48F,"man, woman, face, kiss, boy, girl",Lisa Schulz,2018-04-18
💑,1F491,"man, woman, heart",Lisa Schulz,2018-04-18
👨‍👩‍👧,1F468-200D-1F469-200D-1F467,child,Lisa Schulz,2018-04-18
👨‍❤️‍👨,1F468-200D-2764-FE0F-200D-1F468,gay,Lisa Schulz,2018-04-18
👨‍❤️‍💋‍👨,1F468-200D-2764-FE0F-200D-1F48B-200D-1F468,gay,Lisa Schulz,2018-04-18
👩‍❤️‍👨,1F469-200D-2764-FE0F-200D-1F468,,Lisa Schulz,2018-04-18
👩‍❤️‍👩,1F469-200D-2764-FE0F-200D-1F469,"lesbian, girlfried",Lisa Schulz,2018-04-18
👩‍❤️‍💋‍👨,1F469-200D-2764-FE0F-200D-1F48B-200D-1F468,,Lisa Schulz,2018-04-18
👩‍❤️‍💋‍👩,1F469-200D-2764-FE0F-200D-1F48B-200D-1F469,"lesbian, girlfriend",Lisa Schulz,2018-04-18
👪️,1F46A,"man, woman, boy, child",Lisa Schulz,2018-04-18
👫,1F46B,"together, heterosexual, straight",Lisa Schulz,2018-04-18
👬,1F46C,"together, gay, homosexual",Lisa Schulz,2018-04-18
👭,1F46D,"together, girlfriend, lesbian, homosexual",Lisa Schulz,2018-04-18
🏁,1F3C1,"black, white, grid, racing",Aileen Gedrat,2018-11-16
🏳️,1F3F3,white,Aileen Gedrat,2018-11-16
🏳️‍🌈,1F3F3-FE0F-200D-1F308,color,Romain Bazile,2019-09-11
🏴,1F3F4,,Aileen Gedrat,2018-11-16
🍙,1F359,,Miriam Vollmeier,2018-04-18
🍚,1F35A,,Miriam Vollmeier,2018-04-18
🍣,1F363,,Miriam Vollmeier,2018-04-18
🍘,1F358,,Miriam Vollmeier,2018-04-18
🍝,1F35D,,Miriam Vollmeier,2018-04-18
🍠,1F360,,Miriam Vollmeier,2018-04-18
🍡,1F361,,Miriam Vollmeier,2018-04-18
🍢,1F362,,Miriam Vollmeier,2018-04-18
🍤,1F364,,Miriam Vollmeier,2018-04-18
🍱,1F371,,Miriam Vollmeier,2018-04-18
🍉,1F349,"melon, red",Marius Schnabel,2018-04-18
🍋,1F34B,yellow,Marius Schnabel,2018-04-18
🍌,1F34C,yellow,Marius Schnabel,2018-04-18
🍑,1F351,"pink, red",Marius Schnabel,2018-04-18
🍅,1F345,red,Marius Schnabel,2018-04-18
🍍,1F34D,tropical,Marius Schnabel,2018-04-18
🍏,1F34F,,Marius Schnabel,2018-04-18
🍐,1F350,green,Marius Schnabel,2018-04-18
🍒,1F352,,Marius Schnabel,2018-04-18
🥝,1F95D,green,Marius Schnabel,2018-04-18
🥥,1F965,nut,Marius Schnabel,2018-04-18
🌭,1F32D,,Miriam Vollmeier,2018-04-18
🌯,1F32F,,Miriam Vollmeier,2018-04-18
🍔,1F354,,Miriam Vollmeier,2018-04-18
🍕,1F355,,Miriam Vollmeier,2018-04-18
🍖,1F356,,Miriam Vollmeier,2018-04-18
🍗,1F357,,Miriam Vollmeier,2018-04-18
🍞,1F35E,,Miriam Vollmeier,2018-04-18
🍟,1F35F,,Miriam Vollmeier,2018-04-18
🍳,1F373,,Miriam Vollmeier,2018-04-18
🌮,1F32E,,Miriam Vollmeier,2018-04-18
🍲,1F372,,Miriam Vollmeier,2018-04-18
🍿,1F37F,,Miriam Vollmeier,2018-04-18
🥐,1F950,,Miriam Vollmeier,2018-04-18
🥓,1F953,,Miriam Vollmeier,2018-04-18
🥖,1F956,,Miriam Vollmeier,2018-04-18
🥚,1F95A,,Miriam Vollmeier,2018-04-18
🥣,1F963,,Guemil Project,2019-01-14
🥨,1F968,,Miriam Vollmeier,2018-04-18
🥩,1F969,,Miriam Vollmeier,2018-04-18
🥪,1F96A,,Miriam Vollmeier,2018-04-18
🧀,1F9C0,,Miriam Vollmeier,2018-04-18
🍦,1F366,,Miriam Vollmeier,2018-04-18
🍩,1F369,,Miriam Vollmeier,2018-04-18
🍪,1F36A,,Miriam Vollmeier,2018-04-18
🍫,1F36B,,Miriam Vollmeier,2018-04-18
🍬,1F36C,,Miriam Vollmeier,2018-04-18
🍭,1F36D,,Miriam Vollmeier,2018-04-18
🍰,1F370,,Miriam Vollmeier,2018-04-18
🎂,1F382,,Miriam Vollmeier,2018-04-18
🍧,1F367,,Miriam Vollmeier,2018-04-18
🍨,1F368,,Miriam Vollmeier,2018-04-18
🍮,1F36E,,Miriam Vollmeier,2018-04-18
🍯,1F36F,,Miriam Vollmeier,2018-04-18
🥧,1F967,,Miriam Vollmeier,2018-04-18
🍆,1F346,purple,Marius Schnabel,2018-04-18
🌶️,1F336,red,Marius Schnabel,2018-04-18
🌽,1F33D,yellow,Marius Schnabel,2018-04-18
🍄,1F344,mushroom,Marius Schnabel,2018-04-18
🥑,1F951,avocado,Marius Schnabel,2018-04-18
🥒,1F952,,Marius Schnabel,2018-04-18
🥔,1F954,,Marius Schnabel,2018-04-18
🥕,1F955,,Marius Schnabel,2018-04-18
🥜,1F95C,,Marius Schnabel,2018-04-18
🥦,1F966,,Marius Schnabel,2018-04-18
🎮️,1F3AE,gamble,Lisa Schulz,2018-04-18
🎲,1F3B2,board game,Lisa Schulz,2018-04-18
🕹️,1F579,,Lisa Schulz,2018-04-18
🔘,1F518,,Lisa Schulz,2018-04-18
🔺,1F53A,arrow,Lisa Schulz,2018-04-18
🔻,1F53B,arrow,Lisa Schulz,2018-04-18
🚽,1F6BD,,Lisa Schulz,2018-04-18
🛏️,1F6CF,furniture,Lisa Schulz,2018-04-18
🚪,1F6AA,,Lisa Schulz,2018-04-18
🚿,1F6BF,wash,Lisa Schulz,2018-04-18
🛁,1F6C1,"wash, water, foam",Lisa Schulz,2018-04-18
🛋️,1F6CB,furniture,Lisa Schulz,2018-04-18
💡,1F4A1,"shine, light, bulb, power, on, electric, idea",Sina Schulz,2018-04-18
📹️,1F4F9,"record, recording, film, movie",Sina Schulz,2018-04-18
📺️,1F4FA,"flat screen, tv, modern",Sina Schulz,2018-04-18
🔍️,1F50D,"detail, big, zoom, detective",Sina Schulz,2018-04-18
🔦,1F526,"bright, shine, light, flashlight, gadget",Sina Schulz,2018-04-18
🎞️,1F39E,"clip, film",Sina Schulz,2018-04-18
🎥,1F3A5,"film, record",Sina Schulz,2018-04-18
🎬️,1F3AC,"cut, new recording",Sina Schulz,2018-04-18
📷️,1F4F7,"camera, digital",Sina Schulz,2018-04-18
📼,1F4FC,"movie, film, vhs, cassette, record, recording",Sina Schulz,2018-04-18
📽️,1F4FD,"play, film clip, movie",Sina Schulz,2018-04-18
📡,1F4E1,"signal, receive, radiation",Sina Schulz,2018-04-18
📸,1F4F8,"camera, bright",Sina Schulz,2018-04-18
🔎,1F50E,"detail, big, zoom, detective",Sina Schulz,2018-04-18
🔭,1F52D,"stars, sky, space",Sina Schulz,2018-04-18
🕯️,1F56F,"fire, bright, shine",Sina Schulz,2018-04-18
🔑,1F511,closing,Lisa Schulz,2018-04-18
🔒️,1F512,"locker, padlock",Lisa Schulz,2018-04-18
🔓️,1F513,"locker, padlock",Lisa Schulz,2018-04-18
🔐,1F510,,Lisa Schulz,2018-04-18
🗝️,1F5DD,,Lisa Schulz,2018-04-18
✉️,2709,"post, message",Marius Schnabel,2018-04-18
📧,1F4E7,"message, electronic",Marius Schnabel,2018-04-18
📦️,1F4E6,"shipping, post",Marius Schnabel,2018-04-18
📤️,1F4E4,post,Marius Schnabel,2018-04-18
📥️,1F4E5,post,Marius Schnabel,2018-04-18
📩,1F4E9,post,Marius Schnabel,2018-04-18
📪️,1F4EA,post,Marius Schnabel,2018-04-18
📫️,1F4EB,post,Marius Schnabel,2018-04-18
📮,1F4EE,post,Marius Schnabel,2018-04-18
💉,1F489,health,Marius Schnabel,2018-04-18
💊,1F48A,health,Marius Schnabel,2018-04-18
💰️,1F4B0,,Marius Schnabel,2018-04-18
💸,1F4B8,,Marius Schnabel,2018-04-18
💳️,1F4B3,,Marius Schnabel,2018-04-18
💴,1F4B4,,Marius Schnabel,2018-04-18
💵,1F4B5,,Marius Schnabel,2018-04-18
💶,1F4B6,,Marius Schnabel,2018-04-18
💷,1F4B7,,Marius Schnabel,2018-04-18
🙈,1F648,,Mariella Steeb,2018-04-18
🙉,1F649,,Mariella Steeb,2018-04-18
🙊,1F64A,,Mariella Steeb,2018-04-18
🎧️,1F3A7,"music, headphones",Sina Schulz,2018-04-18
📻️,1F4FB,"radio, stereo radio, analog radio",Sina Schulz,2018-04-18
🎚️,1F39A,"studio, music slider",Sina Schulz,2018-04-18
🎤,1F3A4,"sound, loud, stage, speech, singing, karaoke, mic, microphone, tone",Sina Schulz,2018-04-18
🎵,1F3B5,"song, melody, sounds, tone",Sina Schulz,2018-04-18
🎶,1F3B6,"melody, harmony, sounds, rhythm",Sina Schulz,2018-04-18
🎙️,1F399,"studio, microphone, stereo, recording",Sina Schulz,2018-04-18
🎛️,1F39B,"music, mix, recording, tool, knobs",Sina Schulz,2018-04-18
🎼,1F3BC,"violin key, rhythm",Sina Schulz,2018-04-18
🥁,1F941,"drum, drumsticks, music, beat",Sina Schulz,2018-04-18
🎷,1F3B7,"saxophone, sax, jazz, instrument",Sina Schulz,2018-04-18
🎸,1F3B8,"guitar, e-guitar, instrumental, acoustic, chords,",Sina Schulz,2018-04-18
🎹,1F3B9,"keyboard, piano keys, chords",Sina Schulz,2018-04-18
🎺,1F3BA,"trumpet, horns, music, woodwind instrument",Sina Schulz,2018-04-18
🎻,1F3BB,"string, violin, fiddle, bow",Sina Schulz,2018-04-18
💼,1F4BC,"bag, briefcase, office bag, leather bag",Sina Schulz,2018-04-18
📁,1F4C1,"file, folder, paper, organise, structure, office, box",Sina Schulz,2018-04-18
📅,1F4C5,"calendar, day view, pages, analog",Sina Schulz,2018-04-18
📋️,1F4CB,"board, clip, metal, wood, handwriting",Sina Schulz,2018-04-18
📌,1F4CC,"pin, wall, push, paper",Sina Schulz,2018-04-18
📎,1F4CE,"office, paperclip, organisation",Sina Schulz,2018-04-18
✂️,2702,"scissors, cut, cutting, tool, work, paper, material",Sina Schulz,2018-04-18
📂,1F4C2,"open file, folder, organise, structure, office, box",Sina Schulz,2018-04-18
📆,1F4C6,"calendar, tear off",Sina Schulz,2018-04-18
📊,1F4CA,"data, chart, sheet, graph",Sina Schulz,2018-04-18
📍,1F4CD,"pin, wall, push, paper, notes",Sina Schulz,2018-04-18
🗑️,1F5D1,"paper, bin, trash",Sina Schulz,2018-04-18
🗒️,1F5D2,"notes, handwrite, paper, pen, spiral block, college",Sina Schulz,2018-04-18
📈,1F4C8,"graph going up, upward trend",Sina Schulz,2018-04-18
📉,1F4C9,"graph going down, downtrend",Sina Schulz,2018-04-18
📏,1F4CF,"ruler, straight, line, measure, detail",Sina Schulz,2018-04-18
📐,1F4D0,"triangle, ruler, line, measure, detail",Sina Schulz,2018-04-18
🗃️,1F5C3,"card, file, system, organising, structure, tidy",Sina Schulz,2018-04-18
🗄️,1F5C4,"box, file system, cabinet, file organising",Sina Schulz,2018-04-18
🗓️,1F5D3,"calendar, year, month view",Sina Schulz,2018-04-18
🛒,1F6D2,,Marius Schnabel,2018-04-18
🔮,1F52E,mystery,Marius Schnabel,2018-04-18
🗿,1F5FF,"stone, easter island",Marius Schnabel,2018-04-18
🚬,1F6AC,"tobacco, smoke",Marius Schnabel,2018-04-18
⚰️,26B0,"funeral, dead",Marius Schnabel,2018-04-18
✔️,2714,"check, mark, right, todo",Hilda Kalyoncu,2018-04-18
✖️,2716,"multiplication, x, cancel, wrong",Hilda Kalyoncu,2018-04-18
❌,274C,"cancel, wrong, multiply, x,",Hilda Kalyoncu,2018-04-18
☑️,2611,"check, right, box",Hilda Kalyoncu,2018-04-18
♀️,2640,"woman, sign, gender",Hilda Kalyoncu,2018-04-18
♂️,2642,"man, sign, gender",Hilda Kalyoncu,2018-04-18
✅,2705,"check, mark, white, right",Hilda Kalyoncu,2018-04-18
❓️,2753,"question, punctation",Hilda Kalyoncu,2018-04-18
❔,2754,"punctation, mark, question, white",Hilda Kalyoncu,2018-04-18
❕,2755,"exclamation, mark, punctation, white",Hilda Kalyoncu,2018-04-18
❗️,2757,"exclamation, mark, punctation",Hilda Kalyoncu,2018-04-18
➕,2795,"math, plus, sign",Hilda Kalyoncu,2018-04-18
➖,2796,"math, minus, sign",Hilda Kalyoncu,2018-04-18
➗,2797,"math, division, sign",Hilda Kalyoncu,2018-04-18
♻️,267B,"recycle, nature",Hilda Kalyoncu,2018-04-18
❎,274E,"mark, square, button",Hilda Kalyoncu,2018-04-18
⭕️,2B55,"circle, red",Hilda Kalyoncu,2018-04-18
⚕️,2695,"medical, staff",Hilda Kalyoncu,2018-04-18
〰️,3030,"dash, punctuation, wavy",Hilda Kalyoncu,2018-04-18
©️,00A9,"copyright, c, sign",Hilda Kalyoncu,2018-04-18
®️,00AE,"registered, r, sign",Hilda Kalyoncu,2018-04-18
🔱,1F531,"trident, emblem",Hilda Kalyoncu,2018-04-18
👦,1F466,"human, person",Johanna Wellnitz,2018-04-18
👧,1F467,"human, person",Johanna Wellnitz,2018-04-18
👨,1F468,"human, person",Johanna Wellnitz,2018-04-18
👩,1F469,"human, person",Johanna Wellnitz,2018-04-18
👴,1F474,"grandpa, human, person",Johanna Wellnitz,2018-04-18
👵,1F475,"grandma, human, person",Johanna Wellnitz,2018-04-18
👶,1F476,"human, person",Johanna Wellnitz,2018-04-18
🧑,1F9D1,"human, person",Johanna Wellnitz,2018-04-18
🧒,1F9D2,"human, person",Johanna Wellnitz,2018-04-18
🧓,1F9D3,"human, person",Johanna Wellnitz,2018-04-18
👤,1F464,"human, person",Johanna Wellnitz,2018-04-18
👥,1F465,"human, person",Johanna Wellnitz,2018-04-18
💃,1F483,"human, person",Johanna Wellnitz,2018-04-18
🕺,1F57A,"human, person",Johanna Wellnitz,2018-04-18
🗣️,1F5E3,"human, person",Johanna Wellnitz,2018-04-18
🚶,1F6B6,"human, person",Johanna Wellnitz,2018-04-18
🏃,1F3C3,"human, person",Johanna Wellnitz,2018-04-18
👯,1F46F,"human, person",Johanna Wellnitz,2018-04-18
💆,1F486,"human, person",Johanna Wellnitz,2018-04-18
💇,1F487,"human, person",Johanna Wellnitz,2018-04-18
🚶‍♀️,1F6B6-200D-2640-FE0F,"human, person",Johanna Wellnitz,2018-04-18
🚶‍♂️,1F6B6-200D-2642-FE0F,"human, person",Johanna Wellnitz,2018-04-18
🛌,1F6CC,"human, person",Johanna Wellnitz,2018-04-18
🧗,1F9D7,"human, person",Johanna Wellnitz,2018-04-18
🧘,1F9D8,"human, person, exercise",Johanna Wellnitz,2018-04-18
🎅,1F385,"christmas, holiday, jolly, happy, saint nicholas, santa claus, xmas, celebration",Lisa Thiel,2018-04-18
🤶,1F936,"christmas, holiday, jolly, happy, mrs. clause, xmas, celebration",Lisa Thiel,2018-04-18
🧙,1F9D9,"sorcerer, sorceress, witch, wizard, magician, wand, sage",Lisa Thiel,2018-04-18
🧝,1F9DD,"magical, mystic, bow, arrow, pointy ears",Lisa Thiel,2018-04-18
🧞,1F9DE,"djinn, magic lamp, wish, magic",Lisa Thiel,2018-04-18
🧟,1F9DF,"undead, walking dead, brain, decayed",Lisa Thiel,2018-04-18
💁,1F481,"human, head, face",Johanna Wellnitz,2018-04-18
🙅,1F645,"human, head, face",Johanna Wellnitz,2018-04-18
🙋,1F64B,"human, head, face",Johanna Wellnitz,2018-04-18
🤦,1F926,"facepalm, human, head, face",Johanna Wellnitz,2018-04-18
🤷,1F937,"human, head, face",Johanna Wellnitz,2018-04-18
🙆,1F646,"human, head, face",Johanna Wellnitz,2018-04-18
🙇,1F647,"human, head, face",Johanna Wellnitz,2018-04-18
🙍,1F64D,"negative, angry, head, face",Johanna Wellnitz,2018-04-18
🙎,1F64E,"sad, negative, head, face",Johanna Wellnitz,2018-04-18
🤦‍♀️,1F926-200D-2640-FE0F,"facepalm, head, face",Johanna Wellnitz,2018-04-18
🤦‍♂️,1F926-200D-2642-FE0F,"facepalm, head, face",Johanna Wellnitz,2018-04-18
👨‍🌾,1F468-200D-1F33E,"farmer, gardener, man, rancher, pitchfork, strawhat",Lisa Thiel,2018-04-18
👨‍🍳,1F468-200D-1F373,"chef, cook, man, toque, chef's hat, food, cooking",Lisa Thiel,2018-04-18
👨‍🎓,1F468-200D-1F393,"graduate, man, student, black robe, collegian, undergraduate, graduation",Lisa Thiel,2018-04-18
👨‍🎤,1F468-200D-1F3A4,"actor, entertainer, man, rock, singer, star, microphone, musician",Lisa Thiel,2018-04-18
👨‍🎨,1F468-200D-1F3A8,"artist, man, palette, brush, beret, french hat, colors, painter, art, drawing, painting, illustrator, illustrating, creative, creativity",Lisa Thiel,2018-04-18
👨‍🏫,1F468-200D-1F3EB,"instructor, man, professor, teacher, lecturer, educator, chalkboard",Lisa Thiel,2018-04-18
👨‍🏭,1F468-200D-1F3ED,"assembly, factory, industrial, man, worker, welder, welding, welding helmet",Lisa Thiel,2018-04-18
👨‍💻,1F468-200D-1F4BB,"coder, developer, inventor, man, software, technologist, tablet, graphs, glasses, smart, clever, coding, code",Lisa Thiel,2018-04-18
👨‍💼,1F468-200D-1F4BC,"architect, business, man, manager, office, white-collar, papers, copy",Lisa Thiel,2018-04-18
👨‍🔧,1F468-200D-1F527,"electrician, man, mechanic, plumber, tradesperson, wrench, overalls, blue hat, auto mechanic",Lisa Thiel,2018-04-18
👨‍🔬,1F468-200D-1F52C,"biologist, chemist, engineer, man, mathematician, physicist, scientist, experiment, laboratory, lab, erlenmeyer flask, safety glasses",Lisa Thiel,2018-04-18
👨‍🚀,1F468-200D-1F680,"astronaut, man, rocket, spacesuit, space, universe, spaceship",Lisa Thiel,2018-04-18
👨‍🚒,1F468-200D-1F692,"firefighter, firetruck, man, water hose, save, rescue, red helmet",Lisa Thiel,2018-04-18
👨‍⚕️,1F468-200D-2695-FE0F,"doctor, healthcare, man, nurse, therapist, stethoscope, doctor smock",Lisa Thiel,2018-04-18
👨‍⚖️,1F468-200D-2696-FE0F,"justice, man, scales, judge hammer, gavel, black robe, law, order",Lisa Thiel,2018-04-18
👨‍✈️,1F468-200D-2708-FE0F,"man, pilot, plane, flying, control stick",Lisa Thiel,2018-04-18
👩‍🌾,1F469-200D-1F33E,"farmer, gardener, woman, rancher, pitchfork, braids",Lisa Thiel,2018-04-18
👩‍🍳,1F469-200D-1F373,"chef, cook, woman, toque, chef's hat, food, cooking",Lisa Thiel,2018-04-18
👩‍🎓,1F469-200D-1F393,"graduate, woman, student, black robe, collegian, undergraduate, graduation",Lisa Thiel,2018-04-18
👩‍🎤,1F469-200D-1F3A4,"actor, entertainer, woman, rock, singer, star, microphone, musician, glamour, glamorous, dress, wavy hair",Lisa Thiel,2018-04-18
👩‍🎨,1F469-200D-1F3A8,"artist, woman, palette, brush, beret, french hat, colors, painter, art, drawing, painting, illustrator, illustrating, creative, creativity",Lisa Thiel,2018-04-18
👩‍🏫,1F469-200D-1F3EB,"instructor, woman, professor, teacher, lecturer, educator, chalkboard",Lisa Thiel,2018-04-18
👩‍🏭,1F469-200D-1F3ED,"assembly, factory, industrial, woman, worker, welder, welding, welding helmet",Lisa Thiel,2018-04-18
👩‍💻,1F469-200D-1F4BB,"coder, developer, inventor, woman, software, technologist, tablet, graphs, glasses, smart, clever, coding, code",Lisa Thiel,2018-04-18
👩‍💼,1F469-200D-1F4BC,"architect, business, woman, manager, office, white-collar, papers, copy",Lisa Thiel,2018-04-18
👩‍🔧,1F469-200D-1F527,"electrician, woman, mechanic, plumber, tradesperson, wrench, overalls, blue hat, auto mechanic",Lisa Thiel,2018-04-18
👩‍🔬,1F469-200D-1F52C,"biologist, chemist, engineer, woman, mathematician, physicist, scientist, experiment, laboratory, lab, erlenmeyer flask, safety glasses",Lisa Thiel,2018-04-18
👩‍🚀,1F469-200D-1F680,"astronaut, woman, rocket, spacesuit, space, universe, spaceship",Lisa Thiel,2018-04-18
👩‍🚒,1F469-200D-1F692,"firefighter, firetruck, woman, water hose, save, rescue, red helmet",Lisa Thiel,2018-04-18
👩‍⚕️,1F469-200D-2695-FE0F,"doctor, healthcare, woman, nurse, therapist, stethoscope, doctor smock",Lisa Thiel,2018-04-18
👩‍⚖️,1F469-200D-2696-FE0F,"justice, woman, scales, judge hammer, gavel, black robe, law, order",Lisa Thiel,2018-04-18
👩‍✈️,1F469-200D-2708-FE0F,"woman, pilot, plane, flying, control stick",Lisa Thiel,2018-04-18
👮,1F46E,"cop, officer, police, law, justice, blue, badge",Lisa Thiel,2018-04-18
👰,1F470,"bride, veil, wedding, woman, female, marriage, married, love, wedding dress",Lisa Thiel,2018-04-18
👳,1F473,"man, beard, turban, religion",Lisa Thiel,2018-04-18
👷,1F477,"construction, hat, worker, striped west, helmet",Lisa Thiel,2018-04-18
👸,1F478,"fairy tale, fantasy, crown, pink dress, princess crown",Lisa Thiel,2018-04-18
💂,1F482,"guard, britain, great britain, queen, england, london, royal guard, furry hat guard, protection",Lisa Thiel,2018-04-18
🕵️,1F575,"sleuth, spy, sherlock, investigator, magnifier, magnifying glass, cloak, coat",Lisa Thiel,2018-04-18
🤰,1F930,"pregnant, woman, child, birth, love, mother, motherhood, trust, baby",Lisa Thiel,2018-04-18
🤱,1F931,"baby, breast, nursing, love, trust, mother, motherhood",Lisa Thiel,2018-04-18
🤴,1F934,"prince, charming, crown, fairy tale, fantasy, pink",Lisa Thiel,2018-04-18
🧔,1F9D4,"beard, man, facial hair, man, manly",Lisa Thiel,2018-04-18
🧕,1F9D5,"headscarf, hijab, mantilla, religion, religious, muslim",Lisa Thiel,2018-04-18
🏍️,1F3CD,"motorsports, vehicle",Johanna Wellnitz,2018-04-18
🏂️,1F3C2,"winter, sports",Johanna Wellnitz,2018-04-18
🏄️,1F3C4,"water, ocean, sea, wave, surfer, sports",Johanna Wellnitz,2018-04-18
🏇,1F3C7,"animal, sports",Johanna Wellnitz,2018-04-18
🏊️,1F3CA,"sports, water",Johanna Wellnitz,2018-04-18
🏋️,1F3CB,"sports, power",Johanna Wellnitz,2018-04-18
🏌️,1F3CC,sports,Johanna Wellnitz,2018-04-18
🏎️,1F3CE,"sports, motor",Johanna Wellnitz,2018-04-18
🚣,1F6A3,"sports, kayak, canoe, water",Johanna Wellnitz,2018-04-18
🚴,1F6B4,sports,Johanna Wellnitz,2018-04-18
🤸,1F938,sports,Johanna Wellnitz,2018-04-18
🤹,1F939,artist,Johanna Wellnitz,2018-04-18
🤺,1F93A,"epee, sports",Johanna Wellnitz,2018-04-18
🤼,1F93C,"fighting, sports",Johanna Wellnitz,2018-04-18
🤽,1F93D,sports,Johanna Wellnitz,2018-04-18
🤾,1F93E,"sports, indoor",Johanna Wellnitz,2018-04-18
⛷️,26F7,"winter, sports",Johanna Wellnitz,2018-04-18
⛹️,26F9,"dribble, sports",Johanna Wellnitz,2018-04-18
📞,1F4DE,"call, voice, communication",Kai Wanschura,2018-04-18
📱,1F4F1,"smartphone, message, voice, communication",Martin Wehl,2018-04-18
☎️,260E,"call, voice, communication",Kai Wanschura,2018-04-18
📠,1F4E0,"office, paper, communication",Martin Wehl,2018-04-18
📲,1F4F2,"voice, smartphone, message",Martin Wehl,2018-04-18
🏠️,1F3E0,building,Martin Wehl,2018-04-18
🏘️,1F3D8,"buildings, neighbourhood",Martin Wehl,2018-04-18
🏛️,1F3DB,"building, historical, old, antique",Martin Wehl,2018-04-18
🏥,1F3E5,"building, cross, help, social, public",Martin Wehl,2018-04-18
🏫,1F3EB,"learning, public, teaching, education",Martin Wehl,2018-04-18
🏗️,1F3D7,"work, building lot, crane",Martin Wehl,2018-04-18
🏙️,1F3D9,"buildings, metropolis",Martin Wehl,2018-04-18
🏚️,1F3DA,"building, old, rotten, dangerous",Martin Wehl,2018-04-18
🏟️,1F3DF,"building, football, sports, olympic",Martin Wehl,2018-04-18
🏡,1F3E1,"building, grass, green, tree",Martin Wehl,2018-04-18
🏢,1F3E2,"workplace, company, firm, business",Martin Wehl,2018-04-18
🏣,1F3E3,"delivery, mailing, communication",Martin Wehl,2018-04-18
🏤,1F3E4,"delivery, mailing, yellow, communication",Martin Wehl,2018-04-18
🏦,1F3E6,"money, business, finance, venture",Martin Wehl,2018-04-18
🏨,1F3E8,"sleep, travel, business, holiday, vacation",Martin Wehl,2018-04-18
🏩,1F3E9,"building, sex, affair",Martin Wehl,2018-04-18
🏪,1F3EA,"building, shopping, buying, 24",Martin Wehl,2018-04-18
🏬,1F3EC,"building, shopping, buying",Martin Wehl,2018-04-18
🏭️,1F3ED,"firm, workplace, business",Martin Wehl,2018-04-18
🏯,1F3EF,"building, culture, historical, war",Martin Wehl,2018-04-18
🏰,1F3F0,"building, culture, historical, war",Martin Wehl,2018-04-18
💒,1F492,"building, love, marriage, heart",Martin Wehl,2018-04-18
⛰️,26F0,"landscape, nature, hiking, climbing, outdoor, adventure",Martin Wehl,2018-04-18
🌋,1F30B,"vulcano, landscape, nature, fire, smoke, hot",Guemil Project,2019-01-14
🏔️,1F3D4,"landscape, nature, hiking, climbing, white, outdoor, adventure",Martin Wehl,2018-04-18
🏕️,1F3D5,"nature, outdoor, tent, adventure, sleeping",Martin Wehl,2018-04-18
🏖️,1F3D6,"nature, summer, sun, sand, water, holidays",Martin Wehl,2018-04-18
🏜️,1F3DC,"nature, hot, sun, sand, dry",Martin Wehl,2018-04-18
🏝️,1F3DD,"sun, lonely, sand, water, stranded, palm, nature",Martin Wehl,2018-04-18
🏞️,1F3DE,"nature, outdoor, adventure, woods, mountain",Martin Wehl,2018-04-18
🗻,1F5FB,"japan, japanese, geographic",Martin Wehl,2018-04-18
🌍️,1F30D,"geographic, continent, global, planet",Martin Wehl,2018-04-18
🌎️,1F30E,"geographic, continent, global, planet",Martin Wehl,2018-04-18
🌏️,1F30F,"geographic, continent, global, planet",Martin Wehl,2018-04-18
🌐,1F310,"geographic, continent, global, planet, grid",Martin Wehl,2018-04-18
🗺️,1F5FA,"geographic, continent, global, planet, earth",Martin Wehl,2018-04-18
🎭️,1F3AD,"culture, entertainment, education",Martin Wehl,2018-04-18
🖼️,1F5BC,"culture, artist, entertainment",Martin Wehl,2018-04-18
⛺️,26FA,"nature, outdoor, adventure",Martin Wehl,2018-04-18
🎨,1F3A8,"culture, artist, leisure, entertainment",Martin Wehl,2018-04-18
🎪,1F3AA,"fun, leisure, entertainment, red, white",Martin Wehl,2018-04-18
💈,1F488,"beauty, hairdresser",Martin Wehl,2018-04-18
⛪️,26EA,"religious, pray, cross, building, god, mess, faith",Martin Wehl,2018-04-18
⛩️,26E9,"religious, pray, building, god, faith",Martin Wehl,2018-04-18
🕋,1F54B,"religious, pray, building, god, black, mecca, faith",Martin Wehl,2018-04-18
🕌,1F54C,"religious, pray, building, god, faith",Martin Wehl,2018-04-18
🕍,1F54D,"religious, pray, building, god, faith",Martin Wehl,2018-04-18
🌸,1F338,"pink,",Hilda Kalyoncu,2018-04-18
🌹,1F339,"rose, red, nature, present, valentines day",Hilda Kalyoncu,2018-04-18
🌼,1F33C,"yellow, nature",Hilda Kalyoncu,2018-04-18
🌷,1F337,"pink, eastern",Hilda Kalyoncu,2018-04-18
🌺,1F33A,pink,Hilda Kalyoncu,2018-04-18
🌻,1F33B,"sun, flower, yellow, summer",Hilda Kalyoncu,2018-04-18
💐,1F490,"present, flower, tulip, bouquet",Hilda Kalyoncu,2018-04-18
🥀,1F940,"rose, wilted, flower, red, sad, plant",Hilda Kalyoncu,2018-04-18
🌲,1F332,"green, tree, fir, plant",Hilda Kalyoncu,2018-04-18
🌳,1F333,"green, tree, huge, plant",Hilda Kalyoncu,2018-04-18
🌴,1F334,"sea, vacation, beach, relax, plant",Hilda Kalyoncu,2018-04-18
🌵,1F335,"desert, sun, warm, hot, texas, plant",Hilda Kalyoncu,2018-04-18
🍀,1F340,"luck, four, leaf, green, plant",Hilda Kalyoncu,2018-04-18
☘️,2618,"green, plant",Hilda Kalyoncu,2018-04-18
🌱,1F331,"farming, growing, green",Hilda Kalyoncu,2018-04-18
🌿,1F33F,green,Hilda Kalyoncu,2018-04-18
🍁,1F341,"autumn, colorful",Hilda Kalyoncu,2018-04-18
✝️,271D,,Jose Avila,2018-04-18
🛐,1F6D0,pray,Jose Avila,2018-04-18
☪️,262A,,Jose Avila,2018-04-18
☮️,262E,,Jose Avila,2018-04-18
☯️,262F,balance,Jose Avila,2018-04-18
⚛️,269B,,Jose Avila,2018-04-18
🔥,1F525,"fire, burn, hot, high temperature, flame, glow, flame, tool",Guemil Project,2019-01-14
⚡️,26A1,"lightning, high voltage, storm, current, voltage, volts, lights, light",Vanessa Boutzikoudi,2018-04-18
⭐️,2B50,"star, shine, small planet, sky, yellow, sparkle, far away",Vanessa Boutzikoudi,2018-04-18
☀️,2600,"sun, sunrise, warm, sunbeams, feel good, beach, tanning, fire, fireball, hot, heavenly body",Vanessa Boutzikoudi,2018-04-18
☁️,2601,"cloud, cloudy, rain, gray, misty, diffuse, sky, dream, fleecy clouds",Vanessa Boutzikoudi,2018-04-18
🌈,1F308,"rainbow, color, colorful, colors formed in the sky, sunbeams, sunlight, facet, sparkle, unicorn",Vanessa Boutzikoudi,2018-04-18
🌊,1F30A,"wave, water, salty, sea, wet, cold, sun, beach, vacation, air, surf, sough, listen",Vanessa Boutzikoudi,2018-04-18
🌡️,1F321,"temperatures, room temperatures, degrees, heat, warming, fever, cold, celsius, measure, sick",Vanessa Boutzikoudi,2018-04-18
💧,1F4A7,"drops, droplets, raindrops, wet, rain, cold, fluid, liquid, wet, puddle, pearl, tear",Vanessa Boutzikoudi,2018-04-18
☂️,2602,"purple, umbrella, rain, wet, drop, raindrops",Vanessa Boutzikoudi,2018-04-18
☔️,2614,"umbrella, rain, raindrops, wet, drops, windy, rain falling",Vanessa Boutzikoudi,2018-04-18
❄️,2744,"snowflake, snow, ice, icy, wintry, snow storm, white, cold, frosty, season, weather, melting",Vanessa Boutzikoudi,2018-04-18
🌀,1F300,"whirl, swirl, spiral, funnel, rotation, rotate, air, turbulent",Vanessa Boutzikoudi,2018-04-18
🌙,1F319,"crescent moon, full moon, night, night sky, moon, celestial body, crescent, planet, far away",Vanessa Boutzikoudi,2018-04-18
🌛,1F31B,"face, first quarter, half moon, moon, full moon, night, night sky, starry sky, light, moonlight, round, celestial bodies, sickle, planet",Vanessa Boutzikoudi,2018-04-18
🌜️,1F31C,"face, last quarter, half moon, moon, full moon, night, night sky, starry sky, light, moonlight, round, celestial bodies, sickle, planet",Vanessa Boutzikoudi,2018-04-18
🌝,1F31D,"moon, full moon, night, stars, moonlight, disc, no clouds",Vanessa Boutzikoudi,2018-04-18
🌞,1F31E,"sun, face, bright, sun, sunrise, warm, rays, beach, tanning, fire, fireball, hot, celestial bodies, star",Vanessa Boutzikoudi,2018-04-18
🌟,1F31F,"star, shine, glow, bright, sparkle, small planet, sky, yellow, far away, constellation, shooting star, milky way",Vanessa Boutzikoudi,2018-04-18
🌠,1F320,"shooting star, star, sparkle, shine, bright, far away, sky, star sky, night, wish, lightning",Vanessa Boutzikoudi,2018-04-18
🌤️,1F324,"sun, behind, small, cloud, sunny, cloudy, rain, cool, sky, weather",Vanessa Boutzikoudi,2018-04-18
🌥️,1F325,"sun, behind, large, cloud, gray, cloudy, rain, diffuse, sky, weather",Vanessa Boutzikoudi,2018-04-18
🌦️,1F326,"sun, behind, rain, cloud, wet, rainy, cloudy, cool, weather",Vanessa Boutzikoudi,2018-04-18
🌧️,1F327,"cloud, rain, raindrops, falling, down, wet, cool, cloudy, weather, stormy",Vanessa Boutzikoudi,2018-04-18
🌨️,1F328,"cloud, snow, falling, ice, wet, cold, cloudy, stormy, weather",Vanessa Boutzikoudi,2018-04-18
🌩️,1F329,"cloud, lightning, glaring, wet, cold, cloudy, gray, weather, storm, current, voltage, light up, light",Vanessa Boutzikoudi,2018-04-18
🌪️,1F32A,"tornado, wind, blow, sky, dangerous, severe weather, storm, hurricane, typhoon, cyclone",Vanessa Boutzikoudi,2018-04-18
🌬️,1F32C,"wind, face, blowing, air, mouth, mother nature, sky",Vanessa Boutzikoudi,2018-04-18
⛄️,26C4,"snowman, frosty, frosty the snowman, snowman, olaf, winter, not snowing",Vanessa Boutzikoudi,2018-04-18
⛅️,26C5,"sun, behind, cloud, appear, cloudy, cool, sunny, weather",Vanessa Boutzikoudi,2018-04-18
⛈️,26C8,"cloud, lightning, rain, thunder, weather, storm, thunderstorm",Vanessa Boutzikoudi,2018-04-18
🔇,1F507,,Rana Cakir,2018-04-18
🔈️,1F508,sound,Rana Cakir,2018-04-18
🔊,1F50A,sound,Rana Cakir,2018-04-18
🔔,1F514,sound,Rana Cakir,2018-04-18
🔕,1F515,,Rana Cakir,2018-04-18
📢,1F4E2,sound,Rana Cakir,2018-04-18
📯,1F4EF,,Rana Cakir,2018-04-18
🔉,1F509,,Rana Cakir,2018-04-18
⚽️,26BD,"soccer, ball, football, game, ball game, team sports",Vanessa Boutzikoudi,2018-04-18
⚾️,26BE,"baseball, white, ball, american, game, ball game, team sports",Vanessa Boutzikoudi,2018-04-18
🎣,1F3A3,"fishing rod, fishing pole, line, fish, caught, hobby",Vanessa Boutzikoudi,2018-04-18
🎯,1F3AF,"direct, hit, dart board, archery, bullseye, target, darts, game",Vanessa Boutzikoudi,2018-04-18
🎱,1F3B1,"pool ball, 8 Ball, black ball, cue ball, magic 8 ball, pool, snooker, billiards, game",Vanessa Boutzikoudi,2018-04-18
🎾,1F3BE,"tennis, tennis ball, ball game, game, racket, racquet, sport",Vanessa Boutzikoudi,2018-04-18
🎿,1F3BF,"skis, Skiing, Ski Boot, to ski, winter, snow, hobby, sport",Vanessa Boutzikoudi,2018-04-18
🏀,1F3C0,"basketball, orange ball, team sport, sport, canadian sport, game",Vanessa Boutzikoudi,2018-04-18
🏈,1F3C8,"american, football, american game, oval ball, ball game, superbowl, team sport",Vanessa Boutzikoudi,2018-04-18
🏉,1F3C9,"rugby, football, brown ball, league, rugby, union, team sport, british sports, sport",Vanessa Boutzikoudi,2018-04-18
🏏,1F3CF,"cricket, game, cricket bat and ball, hobby, activity",Vanessa Boutzikoudi,2018-04-18
🏐,1F3D0,"ball, ball game, team sport, sport, hobby, olympic games",Vanessa Boutzikoudi,2018-04-18
🏑,1F3D1,"field, hockey, field hockey stick and ball, ice hockey, team sport, hockey stick, puck",Vanessa Boutzikoudi,2018-04-18
🏒,1F3D2,"ice hockey, hockey stick, puck, field hockey, game, team sport",Vanessa Boutzikoudi,2018-04-18
🏓,1F3D3,"ping pong, table tennis, paddle, ball, game, ball game, hobby",Vanessa Boutzikoudi,2018-04-18
🥊,1F94A,"boxing, glove, red, mitt, sport, fist, beat, slap, slap in your face, muhammad ali",Vanessa Boutzikoudi,2018-04-18
🥋,1F94B,"white, uniform, judo, karate, keikogi, sport",Vanessa Boutzikoudi,2018-04-18
⛳️,26F3,"flag, golf, golf flag, golf hole with flag, sport, ball, goal",Vanessa Boutzikoudi,2018-04-18
⌚️,231A,"watch, time,",Rana Cakir,2018-04-18
⌛️,231B,"countdown, hourglass",Rana Cakir,2018-04-18
⏰,23F0,,Rana Cakir,2018-04-18
⏱️,23F1,,Rana Cakir,2018-04-18
⏳️,23F3,,Rana Cakir,2018-04-18
🕐️,1F550,time,Rana Cakir,2018-04-18
🕑️,1F551,time,Rana Cakir,2018-04-18
🕒️,1F552,time,Rana Cakir,2018-04-18
🕓️,1F553,time,Rana Cakir,2018-04-18
🕔️,1F554,time,Rana Cakir,2018-04-18
🕕️,1F555,time,Rana Cakir,2018-04-18
🕖️,1F556,time,Rana Cakir,2018-04-18
🕗️,1F557,time,Rana Cakir,2018-04-18
🕘️,1F558,time,Rana Cakir,2018-04-18
🕙️,1F559,time,Rana Cakir,2018-04-18
🕚️,1F55A,time,Rana Cakir,2018-04-18
🕛️,1F55B,time,Rana Cakir,2018-04-18
🕜️,1F55C,time,Rana Cakir,2018-04-18
🕝️,1F55D,time,Rana Cakir,2018-04-18
🕞️,1F55E,time,Rana Cakir,2018-04-18
🕟️,1F55F,time,Rana Cakir,2018-04-18
🕠️,1F560,time,Rana Cakir,2018-04-18
🕡️,1F561,time,Rana Cakir,2018-04-18
🕢️,1F562,time,Rana Cakir,2018-04-18
🕣️,1F563,time,Rana Cakir,2018-04-18
🕤️,1F564,time,Rana Cakir,2018-04-18
🕥️,1F565,time,Rana Cakir,2018-04-18
🕦️,1F566,time,Rana Cakir,2018-04-18
🕧️,1F567,time,Rana Cakir,2018-04-18
⏲️,23F2,time,Rana Cakir,2018-04-18
⚙️,2699,"tool, metal, silver",Hilda Kalyoncu,2018-04-18
🔧,1F527,"toolbox, silver",Hilda Kalyoncu,2018-04-18
🔫,1F52B,"gun, weapon, pistol",Hilda Kalyoncu,2018-04-18
🔗,1F517,"silver, link",Hilda Kalyoncu,2018-04-18
🔨,1F528,"toolbox, metal, wood",Hilda Kalyoncu,2018-04-18
⚖️,2696,silver,Hilda Kalyoncu,2018-04-18
🗜️,1F5DC,toolbox,Hilda Kalyoncu,2018-04-18
🗡️,1F5E1,metal,Hilda Kalyoncu,2018-04-18
🛠️,1F6E0,"craft mans, logo",Hilda Kalyoncu,2018-04-18
🛡️,1F6E1,"protection, fight, middle ages",Hilda Kalyoncu,2018-04-18
⛏️,26CF,weapon,Hilda Kalyoncu,2018-04-18
⛓️,26D3,"metal, silver",Hilda Kalyoncu,2018-04-18
✈️,2708,"fly, airplane, aeroplane, air, sky, travel, departure, arrive",Ronja Bäurlen,2018-04-18
🚀,1F680,"rocket, space, galaxy, adventure, alien, transportation",Ronja Bäurlen,2018-04-18
🚁,1F681,"helicopter, air, transportation, sky, fly, flying",Ronja Bäurlen,2018-04-18
🛸,1F6F8,"alien, UFO, space, planets, adventures",Ronja Bäurlen,2018-04-18
💺,1F4BA,"seat, chair, lounge, Airplane, sitting, comfort",Ronja Bäurlen,2018-04-18
🚠,1F6A0,"travel, mountain, high",Ronja Bäurlen,2018-04-18
🛩️,1F6E9,"fly, airplane, aeroplane, air, sky, travel, departure, arrive",Ronja Bäurlen,2018-04-18
🛫,1F6EB,"fly, airplane, aeroplane, air, sky, travel, departure",Ronja Bäurlen,2018-04-18
🛬,1F6EC,"fly, airplane, aeroplane, air, sky, travel, arrive",Ronja Bäurlen,2018-04-18
🛰️,1F6F0,"space, galaxy, satellite",Ronja Bäurlen,2018-04-18
🚂,1F682,"Train, Locomotive, travel, drive",Ronja Bäurlen,2018-04-18
🚃,1F683,"train, locomotive, railway car, travel",Ronja Bäurlen,2018-04-18
🚅,1F685,"train, locomotive, railway car, travel, transportation",Ronja Bäurlen,2018-04-18
🚌,1F68C,"Bus, travel, transportation",Ronja Bäurlen,2018-04-18
🚐,1F690,"Bus, travel, transportation, car",Ronja Bäurlen,2018-04-18
🚑️,1F691,"travel, hospital, ambulance, alarm, doctor, help",Ronja Bäurlen,2018-04-18
🚒,1F692,"travel, fire, fire engine, red, alarm",Ronja Bäurlen,2018-04-18
🚓,1F693,"travel, car, police, patrol",Ronja Bäurlen,2018-04-18
🚕,1F695,"travel, transportation, car, taxi, cab",Ronja Bäurlen,2018-04-18
🚗,1F697,"car, travel, automobile, vehicle, transportation",Ronja Bäurlen,2018-04-18
🚚,1F69A,"truck, delivery, car, transportation, travel, trucker, driver",Ronja Bäurlen,2018-04-18
🚜,1F69C,"tractor, towing, vehicle, farm, farming, field, acre",Ronja Bäurlen,2018-04-18
🚦,1F6A6,"light, red, green, yellow, vertical, traffic, light",Ronja Bäurlen,2018-04-18
🚲️,1F6B2,"bike, vehicle, bicycle",Ronja Bäurlen,2018-04-18
🛴,1F6F4,"kick, scooter, city roller",Ronja Bäurlen,2018-04-18
🚉,1F689,"train station, station, stop, train, railway, travel, departure, arrives",Ronja Bäurlen,2018-04-18
🚏,1F68F,"station, stop, bus, traffic, travel, bus stop, departure, arrive",Ronja Bäurlen,2018-04-18
🚙,1F699,"car, travel, automobile, vehicle, transportation, sport, utility",Ronja Bäurlen,2018-04-18
🚛,1F69B,"delivery truck, truck, car, transportation, travel, trucker, truck driver",Ronja Bäurlen,2018-04-18
🚝,1F69D,"train, locomotive, monorail, travel, transportation",Ronja Bäurlen,2018-04-18
🚥,1F6A5,"light, red, green, yellow, traffic, traffic light",Ronja Bäurlen,2018-04-18
🚧,1F6A7,"barrier, warning, stop, attention, traffic",Ronja Bäurlen,2018-04-18
🛑,1F6D1,"stop, sign, signal, warning",Ronja Bäurlen,2018-04-18
🛵,1F6F5,"motor, scooter, transportation, bicycle,",Ronja Bäurlen,2018-04-18
⛽️,26FD,"fuel, gas, station, transportation",Ronja Bäurlen,2018-04-18
🚹️,1F6B9,"man, restroom, guy, dude, male, toilet",Ronja Bäurlen,2018-04-18
🚺️,1F6BA,"woman, female, restroom, chick, women, toilet",Ronja Bäurlen,2018-04-18
🚻,1F6BB,"unisex, restroom, male, toilet, woman, female",Ronja Bäurlen,2018-04-18
♿️,267F,"disabled person, wheel chair, toilet, restroom",Guemil Project,2019-01-14
🚮,1F6AE,"trash, litter, bin, garbage, can, throw, away",Ronja Bäurlen,2018-04-18
🚰,1F6B0,"water, faucet, tap, glass",Guemil Project,2019-01-14
🚼️,1F6BC,"baby, changing, station, restroom, toilet",Ronja Bäurlen,2018-04-18
🚾,1F6BE,"restroom, WC, toilet, water, closet",Ronja Bäurlen,2018-04-18
🚢,1F6A2,"boat, passengers, ship, travel, sea, atlantic, ocean, water",Ronja Bäurlen,2018-04-18
🛥️,1F6E5,"boat, passengers, ship, travel, sea, atlantic, ocean, water, motor",Ronja Bäurlen,2018-04-18
⛵️,26F5,"boat, passengers, ship, travel, sea, atlantic, ocean, water, yacht, resort, sail, sailboat",Ronja Bäurlen,2018-04-18
⚓️,2693,"boat, ship, travel, sea, atlantic, ocean, water, tool, anchor, metal",Ronja Bäurlen,2018-04-18
🚤,1F6A4,"boat, passengers, ship, travel, sea, atlantic, ocean, water, speed",Ronja Bäurlen,2018-04-18
🛳️,1F6F3,"boat, passengers, ship, travel, sea, atlantic, ocean, water",Ronja Bäurlen,2018-04-18
🚫,1F6AB,,Miriam Vollmeier,2018-04-18
⚠️,26A0,,Miriam Vollmeier,2018-04-18
📵,1F4F5,,Miriam Vollmeier,2018-04-18
⛔️,26D4,,Miriam Vollmeier,2018-04-18
🔞,1F51E,,Miriam Vollmeier,2018-04-18
🚭️,1F6AD,,Miriam Vollmeier,2018-04-18
🚳,1F6B3,,Miriam Vollmeier,2018-04-18
✏️,270F,,Rana Cakir,2018-04-18
📝,1F4DD,"pencil, paper, notice",Rana Cakir,2018-04-18
🖊️,1F58A,,Rana Cakir,2018-04-18
🖋️,1F58B,,Rana Cakir,2018-04-18
🖌️,1F58C,"colors, pain, brush",Rana Cakir,2018-04-18
🖍️,1F58D,"painting, colors",Rana Cakir,2018-04-18
🎴,1F3B4,,Abby Esquivel,2018-11-16
🏮,1F3EE,,Abby Esquivel,2018-11-16
📑,1F4D1,,Abby Esquivel,2018-11-16
📔,1F4D4,,Abby Esquivel,2018-11-16
📗,1F4D7,,Abby Esquivel,2018-11-16
📘,1F4D8,,Abby Esquivel,2018-11-16
📙,1F4D9,,Abby Esquivel,2018-11-16
📣,1F4E3,,Abby Esquivel,2018-11-16
🏴‍☠️,1F3F4-200D-2620-FE0F,,Aileen Gedrat,2018-11-16
🚩,1F6A9,,Aileen Gedrat,2018-11-16
🐩,1F429,,Anne Frauendorf,2018-11-16
👱,1F471,,Anne Frauendorf,2018-11-16
👲,1F472,,Anne Frauendorf,2018-11-16
👹,1F479,,Anne Frauendorf,2018-11-16
👼,1F47C,,Anne Frauendorf,2018-11-16
💄,1F484,,Anne Frauendorf,2018-11-16
💢,1F4A2,,Anne Frauendorf,2018-11-16
🚵,1F6B5,,Anne Frauendorf,2018-11-16
🛀,1F6C0,,Anne Frauendorf,2018-11-16
⛑️,26D1,,Anne Frauendorf,2018-11-16
🥌,1F94C,,Daniel Quiros,2018-11-16
🥡,1F961,,Daniel Quiros,2018-11-16
🥫,1F96B,,Daniel Quiros,2018-11-16
🧢,1F9E2,,Daniel Quiros,2018-11-16
🧥,1F9E5,,Daniel Quiros,2018-11-16
🌰,1F330,,Hend Hourani,2018-11-16
🌾,1F33E,,Hend Hourani,2018-11-16
🍇,1F347,,Hend Hourani,2018-11-16
🍈,1F348,,Hend Hourani,2018-11-16
🍊,1F34A,,Hend Hourani,2018-11-16
🍎,1F34E,,Hend Hourani,2018-11-16
🍓,1F353,,Hend Hourani,2018-11-16
🍜,1F35C,,Hend Hourani,2018-11-16
🍥,1F365,,Hend Hourani,2018-11-16
🏺,1F3FA,,Hend Hourani,2018-11-16
🌂,1F302,,Lois Proksch,2018-11-16
🌑,1F311,,Lois Proksch,2018-11-16
🌒,1F312,,Lois Proksch,2018-11-16
🌓,1F313,,Lois Proksch,2018-11-16
🌔,1F314,,Lois Proksch,2018-11-16
🌕️,1F315,,Lois Proksch,2018-11-16
🌖,1F316,,Lois Proksch,2018-11-16
🌗,1F317,,Lois Proksch,2018-11-16
🌘,1F318,,Lois Proksch,2018-11-16
🌚,1F31A,,Lois Proksch,2018-11-16
🕰️,1F570,,Lois Proksch,2018-11-16
🚟,1F69F,,Lois Proksch,2018-11-16
🚡,1F6A1,,Lois Proksch,2018-11-16
🛎️,1F6CE,,Lois Proksch,2018-11-16
☃️,2603,,Lois Proksch,2018-11-16
☄️,2604,,Lois Proksch,2018-11-16
⛱️,26F1,,Lois Proksch,2018-11-16
⛴️,26F4,,Lois Proksch,2018-11-16
🌃,1F303,,Louisa Mantsch,2018-11-16
🌄,1F304,,Louisa Mantsch,2018-11-16
🌅,1F305,,Louisa Mantsch,2018-11-16
🌆,1F306,,Louisa Mantsch,2018-11-16
🌇,1F307,,Louisa Mantsch,2018-11-16
🎠,1F3A0,,Louisa Mantsch,2018-11-16
🎡,1F3A1,,Louisa Mantsch,2018-11-16
🎢,1F3A2,,Louisa Mantsch,2018-11-16
🗼,1F5FC,,Louisa Mantsch,2018-11-16
🗽,1F5FD,,Louisa Mantsch,2018-11-16
🗾,1F5FE,,Louisa Mantsch,2018-11-16
♨️,2668,,Louisa Mantsch,2018-11-16
⛲️,26F2,,Louisa Mantsch,2018-11-16
🏹,1F3F9,,Marleen Heine,2018-11-16
🔬,1F52C,,Marleen Heine,2018-11-16
💱,1F4B1,,Marleen Heine,2018-11-16
💲,1F4B2,,Marleen Heine,2018-11-16
💹,1F4B9,,Marleen Heine,2018-11-16
📨,1F4E8,,Marleen Heine,2018-11-16
📬️,1F4EC,,Marleen Heine,2018-11-16
📭️,1F4ED,,Marleen Heine,2018-11-16
🔏,1F50F,,Marleen Heine,2018-11-16
🔩,1F529,,Marleen Heine,2018-11-16
🖇️,1F587,,Marleen Heine,2018-11-16
🗂️,1F5C2,,Marleen Heine,2018-11-16
🗳️,1F5F3,,Marleen Heine,2018-11-16
⚒️,2692,,Marleen Heine,2018-11-16
⚔️,2694,,Marleen Heine,2018-11-16
⚗️,2697,,Marleen Heine,2018-11-16
⚱️,26B1,,Marleen Heine,2018-11-16
✒️,2712,,Marleen Heine,2018-11-16
🚆,1F686,,Nadja Grün,2018-11-16
🚇️,1F687,,Nadja Grün,2018-11-16
🚈,1F688,,Nadja Grün,2018-11-16
🚊,1F68A,,Nadja Grün,2018-11-16
🚋,1F68B,,Nadja Grün,2018-11-16
🚍️,1F68D,,Nadja Grün,2018-11-16
🚎,1F68E,,Nadja Grün,2018-11-16
🚔️,1F694,,Nadja Grün,2018-11-16
🚖,1F696,,Nadja Grün,2018-11-16
🚘️,1F698,,Nadja Grün,2018-11-16
🚞,1F69E,,Nadja Grün,2018-11-16
🚨,1F6A8,,Nadja Grün,2018-11-16
🛢️,1F6E2,,Nadja Grün,2018-11-16
🛣️,1F6E3,,Nadja Grün,2018-11-16
🛤️,1F6E4,,Nadja Grün,2018-11-16
🎳,1F3B3,,Sarah Mager,2018-11-16
🎽,1F3BD,,Sarah Mager,2018-11-16
🏸,1F3F8,,Sarah Mager,2018-11-16
⛸️,26F8,,Sarah Mager,2018-11-16
🔯,1F52F,,Sina Chlod,2018-11-16
🕉️,1F549,,Sina Chlod,2018-11-16
🕎,1F54E,,Sina Chlod,2018-11-16
🧜‍♀️,1F9DC-200D-2640-FE0F,,Sina Chlod,2018-11-16
🧜‍♂️,1F9DC-200D-2642-FE0F,,Sina Chlod,2018-11-16
☦️,2626,,Sina Chlod,2018-11-16
☸️,2638,,Sina Chlod,2018-11-16
♈️,2648,,Sina Chlod,2018-11-16
♉️,2649,,Sina Chlod,2018-11-16
♊️,264A,,Sina Chlod,2018-11-16
♋️,264B,,Sina Chlod,2018-11-16
♍️,264D,,Sina Chlod,2018-11-16
♎️,264E,,Sina Chlod,2018-11-16
♏️,264F,,Sina Chlod,2018-11-16
♐️,2650,,Sina Chlod,2018-11-16
♑️,2651,,Sina Chlod,2018-11-16
♒️,2652,,Sina Chlod,2018-11-16
♓️,2653,,Sina Chlod,2018-11-16
⛎,26CE,,Sina Chlod,2018-11-16
✡️,2721,,Sina Chlod,2018-11-16
🔃,1F503,,Vincent Seitz,2018-11-16
🔙,1F519,,Vincent Seitz,2018-11-16
🔚,1F51A,,Vincent Seitz,2018-11-16
🔛,1F51B,,Vincent Seitz,2018-11-16
🔜,1F51C,,Vincent Seitz,2018-11-16
🔝,1F51D,,Vincent Seitz,2018-11-16
🚯,1F6AF,,Vincent Seitz,2018-11-16
🚱,1F6B1,,Vincent Seitz,2018-11-16
🚷,1F6B7,,Vincent Seitz,2018-11-16
🛄,1F6C4,,Vincent Seitz,2018-11-16
🛅,1F6C5,,Vincent Seitz,2018-11-16
☢️,2622,,Vincent Seitz,2018-11-16
🇦🇨,1F1E6-1F1E8,,Aileen Gedrat,2019-02-13
🇦🇩,1F1E6-1F1E9,,Ferdinand Sorg,2019-02-13
🇦🇪,1F1E6-1F1EA,,Ferdinand Sorg,2019-02-13
🇦🇫,1F1E6-1F1EB,,Aileen Gedrat,2019-02-13
🇦🇬,1F1E6-1F1EC,,Ferdinand Sorg,2019-02-13
🇦🇮,1F1E6-1F1EE,,Ferdinand Sorg,2019-02-13
🇦🇱,1F1E6-1F1F1,,Ferdinand Sorg,2019-02-13
🇦🇲,1F1E6-1F1F2,,Ferdinand Sorg,2019-02-13
🇦🇴,1F1E6-1F1F4,,Ferdinand Sorg,2019-02-13
🇦🇶,1F1E6-1F1F6,,Ferdinand Sorg,2019-02-13
🇦🇷,1F1E6-1F1F7,,Ferdinand Sorg,2019-02-13
🇦🇸,1F1E6-1F1F8,,Aileen Gedrat,2019-02-13
🇦🇹,1F1E6-1F1F9,,Ferdinand Sorg,2019-02-13
🇦🇺,1F1E6-1F1FA,,Ferdinand Sorg,2019-02-13
🇦🇼,1F1E6-1F1FC,,Ferdinand Sorg,2019-02-13
🇦🇽,1F1E6-1F1FD,,Ferdinand Sorg,2019-02-13
🇦🇿,1F1E6-1F1FF,,Ferdinand Sorg,2019-02-13
🇧🇦,1F1E7-1F1E6,,Ferdinand Sorg,2019-02-13
🇧🇧,1F1E7-1F1E7,,Ferdinand Sorg,2019-02-13
🇧🇩,1F1E7-1F1E9,,Ferdinand Sorg,2019-02-13
🇧🇪,1F1E7-1F1EA,,Ferdinand Sorg,2019-02-13
🇧🇫,1F1E7-1F1EB,,Ferdinand Sorg,2019-02-13
🇧🇬,1F1E7-1F1EC,,Ferdinand Sorg,2019-02-13
🇧🇭,1F1E7-1F1ED,,Ferdinand Sorg,2019-02-13
🇧🇮,1F1E7-1F1EE,,Ferdinand Sorg,2019-02-13
🇧🇯,1F1E7-1F1EF,,Ferdinand Sorg,2019-02-13
🇧🇱,1F1E7-1F1F1,,Ferdinand Sorg,2019-02-13
🇧🇲,1F1E7-1F1F2,,Aileen Gedrat,2019-02-13
🇧🇳,1F1E7-1F1F3,,Ferdinand Sorg,2019-02-13
🇧🇴,1F1E7-1F1F4,,Aileen Gedrat,2019-02-13
🇧🇶,1F1E7-1F1F6,,Ferdinand Sorg,2019-02-13
🇧🇷,1F1E7-1F1F7,,Ferdinand Sorg,2019-02-13
🇧🇸,1F1E7-1F1F8,,Ferdinand Sorg,2019-02-13
🇧🇹,1F1E7-1F1F9,,Aileen Gedrat,2019-02-13
🇧🇻,1F1E7-1F1FB,,Ferdinand Sorg,2019-02-13
🇧🇼,1F1E7-1F1FC,,Ferdinand Sorg,2019-02-13
🇧🇾,1F1E7-1F1FE,,Ferdinand Sorg,2019-02-13
🇧🇿,1F1E7-1F1FF,,Ferdinand Sorg,2019-02-13
🇨🇦,1F1E8-1F1E6,,Ferdinand Sorg,2019-02-13
🇨🇨,1F1E8-1F1E8,,Ferdinand Sorg,2019-02-13
🇨🇩,1F1E8-1F1E9,,Ferdinand Sorg,2019-02-13
🇨🇫,1F1E8-1F1EB,,Ferdinand Sorg,2019-02-13
🇨🇬,1F1E8-1F1EC,,Ferdinand Sorg,2019-02-13
🇨🇭,1F1E8-1F1ED,,Ferdinand Sorg,2019-02-13
🇨🇮,1F1E8-1F1EE,,Ferdinand Sorg,2019-02-13
🇨🇰,1F1E8-1F1F0,,Ferdinand Sorg,2019-02-13
🇨🇱,1F1E8-1F1F1,,Ferdinand Sorg,2019-02-13
🇨🇲,1F1E8-1F1F2,,Ferdinand Sorg,2019-02-13
🇨🇳,1F1E8-1F1F3,,Ferdinand Sorg,2019-02-13
🇨🇴,1F1E8-1F1F4,,Ferdinand Sorg,2019-02-13
🇨🇵,1F1E8-1F1F5,,Ferdinand Sorg,2019-02-13
🇨🇷,1F1E8-1F1F7,,Ferdinand Sorg,2019-02-13
🇨🇺,1F1E8-1F1FA,,Ferdinand Sorg,2019-02-13
🇨🇻,1F1E8-1F1FB,,Ferdinand Sorg,2019-02-13
🇨🇼,1F1E8-1F1FC,,Ferdinand Sorg,2019-02-13
🇨🇽,1F1E8-1F1FD,,Ferdinand Sorg,2019-02-13
🇨🇾,1F1E8-1F1FE,,Ferdinand Sorg,2019-02-13
🇨🇿,1F1E8-1F1FF,,Ferdinand Sorg,2019-02-13
🇩🇪,1F1E9-1F1EA,,Ferdinand Sorg,2019-02-13
🇩🇬,1F1E9-1F1EC,,Ferdinand Sorg,2019-02-13
🇩🇯,1F1E9-1F1EF,,Ferdinand Sorg,2019-02-13
🇩🇰,1F1E9-1F1F0,,Ferdinand Sorg,2019-02-13
🇩🇲,1F1E9-1F1F2,,Aileen Gedrat,2019-02-13
🇩🇴,1F1E9-1F1F4,,Ferdinand Sorg,2019-02-13
🇩🇿,1F1E9-1F1FF,,Ferdinand Sorg,2019-02-13
🇪🇦,1F1EA-1F1E6,,Ferdinand Sorg,2019-02-13
🇪🇨,1F1EA-1F1E8,,Daniel Utz,2019-02-13
🇪🇪,1F1EA-1F1EA,,Ferdinand Sorg,2019-02-13
🇪🇬,1F1EA-1F1EC,,Daniel Utz,2019-02-13
🇪🇭,1F1EA-1F1ED,,Ferdinand Sorg,2019-02-13
🇪🇷,1F1EA-1F1F7,,Ferdinand Sorg,2019-02-13
🇪🇸,1F1EA-1F1F8,,Daniel Utz,2019-02-13
🇪🇹,1F1EA-1F1F9,,Ferdinand Sorg,2019-02-13
🇪🇺,1F1EA-1F1FA,,Ferdinand Sorg,2019-02-13
🇫🇮,1F1EB-1F1EE,,Ferdinand Sorg,2019-02-13
🇫🇯,1F1EB-1F1EF,,Ferdinand Sorg,2019-02-13
🇫🇰,1F1EB-1F1F0,,Daniel Utz,2019-02-13
🇫🇲,1F1EB-1F1F2,,Ferdinand Sorg,2019-02-13
🇫🇴,1F1EB-1F1F4,,Ferdinand Sorg,2019-02-13
🇫🇷,1F1EB-1F1F7,,Ferdinand Sorg,2019-02-13
🇬🇦,1F1EC-1F1E6,,Ferdinand Sorg,2019-02-13
🇬🇧,1F1EC-1F1E7,"union jack, england, uk, great britain",Daniel Utz,2019-02-13
🇬🇩,1F1EC-1F1E9,,Ferdinand Sorg,2019-02-13
🇬🇪,1F1EC-1F1EA,,Ferdinand Sorg,2019-02-13
🇬🇫,1F1EC-1F1EB,,Ferdinand Sorg,2019-02-13
🇬🇬,1F1EC-1F1EC,,Ferdinand Sorg,2019-02-13
🇬🇭,1F1EC-1F1ED,,Ferdinand Sorg,2019-02-13
🇬🇮,1F1EC-1F1EE,,Daniel Utz,2019-02-13
🇬🇱,1F1EC-1F1F1,,Ferdinand Sorg,2019-02-13
🇬🇲,1F1EC-1F1F2,,Ferdinand Sorg,2019-02-13
🇬🇳,1F1EC-1F1F3,,Ferdinand Sorg,2019-02-13
🇬🇵,1F1EC-1F1F5,,Ferdinand Sorg,2019-02-13
🇬🇶,1F1EC-1F1F6,,Ferdinand Sorg,2019-02-13
🇬🇷,1F1EC-1F1F7,,Ferdinand Sorg,2019-02-13
🇬🇸,1F1EC-1F1F8,,Daniel Utz,2019-02-13
🇬🇹,1F1EC-1F1F9,,Daniel Utz,2019-02-13
🇬🇺,1F1EC-1F1FA,,Ferdinand Sorg,2019-02-13
🇬🇼,1F1EC-1F1FC,,Ferdinand Sorg,2019-02-13
🇬🇾,1F1EC-1F1FE,,Ferdinand Sorg,2019-02-13
🇭🇰,1F1ED-1F1F0,,Ferdinand Sorg,2019-02-13
🇭🇲,1F1ED-1F1F2,,Ferdinand Sorg,2019-02-13
🇭🇳,1F1ED-1F1F3,,Ferdinand Sorg,2019-02-13
🇭🇷,1F1ED-1F1F7,,Ferdinand Sorg,2019-02-13
🇭🇹,1F1ED-1F1F9,,Daniel Utz,2019-02-13
🇭🇺,1F1ED-1F1FA,,Ferdinand Sorg,2019-02-13
🇮🇨,1F1EE-1F1E8,,Daniel Utz,2019-02-13
🇮🇩,1F1EE-1F1E9,,Ferdinand Sorg,2019-02-13
🇮🇪,1F1EE-1F1EA,,Ferdinand Sorg,2019-02-13
🇮🇱,1F1EE-1F1F1,,Ferdinand Sorg,2019-02-13
🇮🇲,1F1EE-1F1F2,,Ferdinand Sorg,2019-02-13
🇮🇳,1F1EE-1F1F3,,Ferdinand Sorg,2019-02-13
🇮🇴,1F1EE-1F1F4,,Ferdinand Sorg,2019-02-13
🇮🇶,1F1EE-1F1F6,,Ferdinand Sorg,2019-02-13
🇮🇷,1F1EE-1F1F7,,Ferdinand Sorg,2019-02-13
🇮🇸,1F1EE-1F1F8,,Ferdinand Sorg,2019-02-13
🇮🇹,1F1EE-1F1F9,,Ferdinand Sorg,2019-02-13
🇯🇪,1F1EF-1F1EA,,Daniel Utz,2019-02-13
🇯🇲,1F1EF-1F1F2,,Ferdinand Sorg,2019-02-13
🇯🇴,1F1EF-1F1F4,,Ferdinand Sorg,2019-02-13
🇯🇵,1F1EF-1F1F5,,Ferdinand Sorg,2019-02-13
🇰🇪,1F1F0-1F1EA,,Ferdinand Sorg,2019-02-13
🇰🇬,1F1F0-1F1EC,,Ferdinand Sorg,2019-02-13
🇰🇭,1F1F0-1F1ED,,Ferdinand Sorg,2019-02-13
🇰🇮,1F1F0-1F1EE,,Ferdinand Sorg,2019-02-13
🇰🇲,1F1F0-1F1F2,,Ferdinand Sorg,2019-02-13
🇰🇳,1F1F0-1F1F3,,Ferdinand Sorg,2019-02-13
🇰🇵,1F1F0-1F1F5,,Ferdinand Sorg,2019-02-13
🇰🇷,1F1F0-1F1F7,,Ferdinand Sorg,2019-02-13
🇰🇼,1F1F0-1F1FC,,Ferdinand Sorg,2019-02-13
🇰🇾,1F1F0-1F1FE,,Daniel Utz,2019-02-13
🇰🇿,1F1F0-1F1FF,,Daniel Utz,2019-02-13
🇱🇦,1F1F1-1F1E6,,Ferdinand Sorg,2019-02-13
🇱🇧,1F1F1-1F1E7,,Ferdinand Sorg,2019-02-13
🇱🇨,1F1F1-1F1E8,,Ferdinand Sorg,2019-02-13
🇱🇮,1F1F1-1F1EE,,Daniel Utz,2019-02-13
🇱🇰,1F1F1-1F1F0,,Daniel Utz,2019-02-13
🇱🇷,1F1F1-1F1F7,,Ferdinand Sorg,2019-02-13
🇱🇸,1F1F1-1F1F8,,Ferdinand Sorg,2019-02-13
🇱🇹,1F1F1-1F1F9,,Ferdinand Sorg,2019-02-13
🇱🇺,1F1F1-1F1FA,,Ferdinand Sorg,2019-02-13
🇱🇻,1F1F1-1F1FB,,Ferdinand Sorg,2019-02-13
🇱🇾,1F1F1-1F1FE,,Ferdinand Sorg,2019-02-13
🇲🇦,1F1F2-1F1E6,,Ferdinand Sorg,2019-02-13
🇲🇨,1F1F2-1F1E8,,Ferdinand Sorg,2019-02-13
🇲🇩,1F1F2-1F1E9,,Pascal Ligon,2019-02-13
🇲🇪,1F1F2-1F1EA,,Daniel Utz,2019-02-13
🇲🇫,1F1F2-1F1EB,,Ferdinand Sorg,2019-02-13
🇲🇬,1F1F2-1F1EC,,Ferdinand Sorg,2019-02-13
🇲🇭,1F1F2-1F1ED,,Ferdinand Sorg,2019-02-13
🇲🇰,1F1F2-1F1F0,,Ferdinand Sorg,2019-02-13
🇲🇱,1F1F2-1F1F1,,Ferdinand Sorg,2019-02-13
🇲🇲,1F1F2-1F1F2,,Ferdinand Sorg,2019-02-13
🇲🇳,1F1F2-1F1F3,,Pascal Ligon,2019-02-13
🇲🇴,1F1F2-1F1F4,,Ferdinand Sorg,2019-02-13
🇲🇵,1F1F2-1F1F5,,Ferdinand Sorg,2019-02-13
🇲🇶,1F1F2-1F1F6,,Ferdinand Sorg,2019-02-13
🇲🇷,1F1F2-1F1F7,,Ferdinand Sorg,2019-02-13
🇲🇸,1F1F2-1F1F8,,Ferdinand Sorg,2019-02-13
🇲🇹,1F1F2-1F1F9,,Ferdinand Sorg,2019-02-13
🇲🇺,1F1F2-1F1FA,,Ferdinand Sorg,2019-02-13
🇲🇻,1F1F2-1F1FB,,Ferdinand Sorg,2019-02-13
🇲🇼,1F1F2-1F1FC,,Ferdinand Sorg,2019-02-13
🇲🇽,1F1F2-1F1FD,,Daniel Utz,2019-02-13
🇲🇾,1F1F2-1F1FE,,Ferdinand Sorg,2019-02-13
🇲🇿,1F1F2-1F1FF,,Ferdinand Sorg,2019-02-13
🇳🇦,1F1F3-1F1E6,,Ferdinand Sorg,2019-02-13
🇳🇨,1F1F3-1F1E8,,Ferdinand Sorg,2019-02-13
🇳🇪,1F1F3-1F1EA,,Ferdinand Sorg,2019-02-13
🇳🇫,1F1F3-1F1EB,,Ferdinand Sorg,2019-02-13
🇳🇬,1F1F3-1F1EC,,Ferdinand Sorg,2019-02-13
🇳🇮,1F1F3-1F1EE,,Ferdinand Sorg,2019-02-13
🇳🇱,1F1F3-1F1F1,,Ferdinand Sorg,2019-02-13
🇳🇴,1F1F3-1F1F4,,Ferdinand Sorg,2019-02-13
🇳🇵,1F1F3-1F1F5,,Ferdinand Sorg,2019-02-13
🇳🇷,1F1F3-1F1F7,,Ferdinand Sorg,2019-02-13
🇳🇺,1F1F3-1F1FA,,Ferdinand Sorg,2019-02-13
🇳🇿,1F1F3-1F1FF,,Ferdinand Sorg,2019-02-13
🇴🇲,1F1F4-1F1F2,,Ferdinand Sorg,2019-02-13
🇵🇦,1F1F5-1F1E6,,Ferdinand Sorg,2019-02-13
🇵🇪,1F1F5-1F1EA,,Ferdinand Sorg,2019-02-13
🇵🇫,1F1F5-1F1EB,,Pascal Ligon,2019-02-13
🇵🇬,1F1F5-1F1EC,,Daniel Utz,2019-02-13
🇵🇭,1F1F5-1F1ED,,Ferdinand Sorg,2019-02-13
🇵🇰,1F1F5-1F1F0,,Ferdinand Sorg,2019-02-13
🇵🇱,1F1F5-1F1F1,,Ferdinand Sorg,2019-02-13
🇵🇲,1F1F5-1F1F2,,Daniel Utz,2019-02-13
🇵🇳,1F1F5-1F1F3,,Daniel Utz,2019-02-13
🇵🇷,1F1F5-1F1F7,,Ferdinand Sorg,2019-02-13
🇵🇸,1F1F5-1F1F8,,Ferdinand Sorg,2019-02-13
🇵🇹,1F1F5-1F1F9,,Ferdinand Sorg,2019-02-13
🇵🇼,1F1F5-1F1FC,,Ferdinand Sorg,2019-02-13
🇵🇾,1F1F5-1F1FE,,Ferdinand Sorg,2019-02-13
🇶🇦,1F1F6-1F1E6,,Ferdinand Sorg,2019-02-13
🇷🇪,1F1F7-1F1EA,,Ferdinand Sorg,2019-02-13
🇷🇴,1F1F7-1F1F4,,Ferdinand Sorg,2019-02-13
🇷🇸,1F1F7-1F1F8,,Ferdinand Sorg,2019-02-13
🇷🇺,1F1F7-1F1FA,,Ferdinand Sorg,2019-02-13
🇷🇼,1F1F7-1F1FC,,Ferdinand Sorg,2019-02-13
🇸🇦,1F1F8-1F1E6,,Daniel Utz,2019-02-13
🇸🇧,1F1F8-1F1E7,,Ferdinand Sorg,2019-02-13
🇸🇨,1F1F8-1F1E8,,Ferdinand Sorg,2019-02-13
🇸🇩,1F1F8-1F1E9,,Ferdinand Sorg,2019-02-13
🇸🇪,1F1F8-1F1EA,,Ferdinand Sorg,2019-02-13
🇸🇬,1F1F8-1F1EC,,Ferdinand Sorg,2019-02-13
🇸🇭,1F1F8-1F1ED,,Pascal Ligon,2019-02-13
🇸🇮,1F1F8-1F1EE,,Pascal Ligon,2019-02-13
🇸🇯,1F1F8-1F1EF,,Ferdinand Sorg,2019-02-13
🇸🇰,1F1F8-1F1F0,,Ferdinand Sorg,2019-02-13
🇸🇱,1F1F8-1F1F1,,Ferdinand Sorg,2019-02-13
🇸🇲,1F1F8-1F1F2,,Daniel Utz,2019-02-13
🇸🇳,1F1F8-1F1F3,,Ferdinand Sorg,2019-02-13
🇸🇴,1F1F8-1F1F4,,Ferdinand Sorg,2019-02-13
🇸🇷,1F1F8-1F1F7,,Ferdinand Sorg,2019-02-13
🇸🇸,1F1F8-1F1F8,,Ferdinand Sorg,2019-02-13
🇸🇹,1F1F8-1F1F9,,Ferdinand Sorg,2019-02-13
🇸🇻,1F1F8-1F1FB,,Pascal Ligon,2019-02-13
🇸🇽,1F1F8-1F1FD,,Pascal Ligon,2019-02-13
🇸🇾,1F1F8-1F1FE,,Ferdinand Sorg,2019-02-13
🇸🇿,1F1F8-1F1FF,,Daniela Ivandikov,2019-02-13
🇹🇦,1F1F9-1F1E6,,Daniela Ivandikov,2019-02-13
🇹🇨,1F1F9-1F1E8,,Daniela Ivandikov,2019-02-13
🇹🇩,1F1F9-1F1E9,,Ferdinand Sorg,2019-02-13
🇹🇫,1F1F9-1F1EB,,Daniela Ivandikov,2019-02-13
🇹🇬,1F1F9-1F1EC,,Ferdinand Sorg,2019-02-13
🇹🇭,1F1F9-1F1ED,,Ferdinand Sorg,2019-02-13
🇹🇯,1F1F9-1F1EF,,Daniela Ivandikov,2019-02-13
🇹🇰,1F1F9-1F1F0,,Ferdinand Sorg,2019-02-13
🇹🇱,1F1F9-1F1F1,,Ferdinand Sorg,2019-02-13
🇹🇲,1F1F9-1F1F2,,Daniela Ivandikov,2019-02-13
🇹🇳,1F1F9-1F1F3,,Ferdinand Sorg,2019-02-13
🇹🇴,1F1F9-1F1F4,,Ferdinand Sorg,2019-02-13
🇹🇷,1F1F9-1F1F7,,Ferdinand Sorg,2019-02-13
🇹🇹,1F1F9-1F1F9,,Ferdinand Sorg,2019-02-13
🇹🇻,1F1F9-1F1FB,,Ferdinand Sorg,2019-02-13
🇹🇼,1F1F9-1F1FC,,Ferdinand Sorg,2019-02-13
🇹🇿,1F1F9-1F1FF,,Ferdinand Sorg,2019-02-13
🇺🇦,1F1FA-1F1E6,,Ferdinand Sorg,2019-02-13
🇺🇬,1F1FA-1F1EC,,Daniela Ivandikov,2019-02-13
🇺🇲,1F1FA-1F1F2,"usa, united states, us, america",Ferdinand Sorg,2019-02-13
🇺🇳,1F1FA-1F1F3,,Daniela Ivandikov,2019-02-13
🇺🇸,1F1FA-1F1F8,"usa, united states, us, america",Ferdinand Sorg,2019-02-13
🇺🇾,1F1FA-1F1FE,,Ferdinand Sorg,2019-02-13
🇺🇿,1F1FA-1F1FF,,Ferdinand Sorg,2019-02-13
🇻🇦,1F1FB-1F1E6,,Daniela Ivandikov,2019-02-13
🇻🇨,1F1FB-1F1E8,,Ferdinand Sorg,2019-02-13
🇻🇪,1F1FB-1F1EA,,Ferdinand Sorg,2019-02-13
🇻🇬,1F1FB-1F1EC,,Daniela Ivandikov,2019-02-13
🇻🇮,1F1FB-1F1EE,,Daniela Ivandikov,2019-02-13
🇻🇳,1F1FB-1F1F3,,Ferdinand Sorg,2019-02-13
🇻🇺,1F1FB-1F1FA,,Ferdinand Sorg,2019-02-13
🇼🇫,1F1FC-1F1EB,,Ferdinand Sorg,2019-02-13
🇼🇸,1F1FC-1F1F8,,Ferdinand Sorg,2019-02-13
🇽🇰,1F1FD-1F1F0,,Ferdinand Sorg,2019-02-13
🇾🇪,1F1FE-1F1EA,,Ferdinand Sorg,2019-02-13
🇾🇹,1F1FE-1F1F9,,Daniela Ivandikov,2019-02-13
🇿🇦,1F1FF-1F1E6,,Ferdinand Sorg,2019-02-13
🇿🇲,1F1FF-1F1F2,,Ferdinand Sorg,2019-02-13
🇿🇼,1F1FF-1F1FC,,Daniela Ivandikov,2019-02-13
🏴󠁧󠁢󠁥󠁮󠁧󠁿,1F3F4-E0067-E0062-E0065-E006E-E0067-E007F,,Ferdinand Sorg,2019-02-13
🏴󠁧󠁢󠁳󠁣󠁴󠁿,1F3F4-E0067-E0062-E0073-E0063-E0074-E007F,,Ferdinand Sorg,2019-02-13
🏴󠁧󠁢󠁷󠁬󠁳󠁿,1F3F4-E0067-E0062-E0077-E006C-E0073-E007F,,Daniel Utz,2019-02-13
👮‍♀️,1F46E-200D-2640-FE0F,,Antonia Wagner,2019-05-03
👮‍♂️,1F46E-200D-2642-FE0F,,Antonia Wagner,2019-05-03
👳‍♀️,1F473-200D-2640-FE0F,,Antonia Wagner,2019-05-03
👳‍♂️,1F473-200D-2642-FE0F,,Antonia Wagner,2019-05-03
👷‍♀️,1F477-200D-2640-FE0F,,Antonia Wagner,2019-05-03
👷‍♂️,1F477-200D-2642-FE0F,,Antonia Wagner,2019-05-03
👺,1F47A,,Antonia Wagner,2019-05-03
👾,1F47E,,Antonia Wagner,2019-05-03
💂‍♀️,1F482-200D-2640-FE0F,,Antonia Wagner,2019-05-03
💂‍♂️,1F482-200D-2642-FE0F,,Antonia Wagner,2019-05-03
🕵️‍♀️,1F575-FE0F-200D-2640-FE0F,,Antonia Wagner,2019-05-03
🕵️‍♂️,1F575-FE0F-200D-2642-FE0F,,Antonia Wagner,2019-05-03
🥰,1F970,,Antonia Wagner,2019-05-03
🥳,1F973,,Antonia Wagner,2019-05-03
🥴,1F974,,Antonia Wagner,2019-05-03
🥵,1F975,,Antonia Wagner,2019-05-03
🥶,1F976,,Antonia Wagner,2019-05-03
🥺,1F97A,,Antonia Wagner,2019-05-03
🈲,1F232,,Evelyn Soos,2019-05-04
🈳,1F233,,Evelyn Soos,2019-05-04
🈴,1F234,,Evelyn Soos,2019-05-04
🈵,1F235,,Evelyn Soos,2019-05-04
🈸,1F238,,Evelyn Soos,2019-05-04
🈺,1F23A,,Evelyn Soos,2019-05-04
🉑,1F251,,Evelyn Soos,2019-05-04
🛕,1F6D5,,Evelyn Soos,2019-05-04
🛺,1F6FA,,Evelyn Soos,2019-05-04
🤿,1F93F,,Evelyn Soos,2019-05-04
🦪,1F9AA,,Evelyn Soos,2019-05-04
🦼,1F9BC,,Evelyn Soos,2019-05-04
🦽,1F9BD,,Evelyn Soos,2019-05-04
🧃,1F9C3,,Evelyn Soos,2019-05-04
🧈,1F9C8,,Evelyn Soos,2019-05-04
🧉,1F9C9,,Evelyn Soos,2019-05-04
🧊,1F9CA,,Evelyn Soos,2019-05-04
🪀,1FA80,,Evelyn Soos,2019-05-04
🪁,1FA81,,Evelyn Soos,2019-05-04
🪂,1FA82,,Evelyn Soos,2019-05-04
🪐,1FA90,,Evelyn Soos,2019-05-04
💅,1F485,,Laura Schießer,2019-05-06
🔶,1F536,,Laura Schießer,2019-05-06
🥼,1F97C,,Laura Schießer,2019-05-06
🥽,1F97D,,Laura Schießer,2019-05-06
🥾,1F97E,,Laura Schießer,2019-05-06
🥿,1F97F,,Laura Schießer,2019-05-06
🦘,1F998,,Laura Schießer,2019-05-06
🦙,1F999,,Laura Schießer,2019-05-06
🦚,1F99A,,Laura Schießer,2019-05-06
🦛,1F99B,,Laura Schießer,2019-05-06
🦝,1F99D,,Laura Schießer,2019-05-06
🦢,1F9A2,,Laura Schießer,2019-05-06
🦴,1F9B4,,Laura Schießer,2019-05-06
🦵,1F9B5,,Laura Schießer,2019-05-06
🦶,1F9B6,,Laura Schießer,2019-05-06
🦷,1F9B7,,Laura Schießer,2019-05-06
🧡,1F9E1,,Laura Schießer,2019-05-06
🧣,1F9E3,,Laura Schießer,2019-05-06
🧤,1F9E4,,Laura Schießer,2019-05-06
🧦,1F9E6,,Laura Schießer,2019-05-06
▪️,25AA,,Laura Schießer,2019-05-06
▫️,25AB,,Laura Schießer,2019-05-06
◻️,25FB,,Laura Schießer,2019-05-06
◼️,25FC,,Laura Schießer,2019-05-06
◽️,25FD,,Laura Schießer,2019-05-06
◾️,25FE,,Laura Schießer,2019-05-06
⬛️,2B1B,,Laura Schießer,2019-05-06
⬜️,2B1C,,Laura Schießer,2019-05-06
👨‍🦰,1F468-200D-1F9B0,,Nadine Bartel,2019-05-06
👨‍🦱,1F468-200D-1F9B1,,Nadine Bartel,2019-05-06
👨‍🦲,1F468-200D-1F9B2,,Nadine Bartel,2019-05-06
👨‍🦳,1F468-200D-1F9B3,,Nadine Bartel,2019-05-06
👩‍🦰,1F469-200D-1F9B0,,Nadine Bartel,2019-05-06
👩‍🦱,1F469-200D-1F9B1,,Nadine Bartel,2019-05-06
👩‍🦲,1F469-200D-1F9B2,,Nadine Bartel,2019-05-06
👩‍🦳,1F469-200D-1F9B3,,Nadine Bartel,2019-05-06
👱‍♀️,1F471-200D-2640-FE0F,,Nadine Bartel,2019-05-06
👱‍♂️,1F471-200D-2642-FE0F,,Nadine Bartel,2019-05-06
🤵,1F935,,Nadine Bartel,2019-05-06
🦸‍♀️,1F9B8-200D-2640-FE0F,,Nadine Bartel,2019-05-06
🦸‍♂️,1F9B8-200D-2642-FE0F,,Nadine Bartel,2019-05-06
🦸,1F9B8,,Nadine Bartel,2019-05-06
🦹‍♀️,1F9B9-200D-2640-FE0F,,Nadine Bartel,2019-05-06
🦹‍♂️,1F9B9-200D-2642-FE0F,,Nadine Bartel,2019-05-06
🦹,1F9B9,,Nadine Bartel,2019-05-06
🧙‍♀️,1F9D9-200D-2640-FE0F,,Nadine Bartel,2019-05-06
🧙‍♂️,1F9D9-200D-2642-FE0F,,Nadine Bartel,2019-05-06
🧚‍♀️,1F9DA-200D-2640-FE0F,,Nadine Bartel,2019-05-06
🧚‍♂️,1F9DA-200D-2642-FE0F,,Nadine Bartel,2019-05-06
🧚,1F9DA,,Nadine Bartel,2019-05-06
🧛‍♀️,1F9DB-200D-2640-FE0F,,Nadine Bartel,2019-05-06
🧛‍♂️,1F9DB-200D-2642-FE0F,,Nadine Bartel,2019-05-06
🧛,1F9DB,,Nadine Bartel,2019-05-06
🀄️,1F004,,Nicole Kornhaas,2019-05-06
🃏,1F0CF,,Nicole Kornhaas,2019-05-06
🎰,1F3B0,,Nicole Kornhaas,2019-05-06
📟️,1F4DF,,Nicole Kornhaas,2019-05-06
🖲️,1F5B2,,Nicole Kornhaas,2019-05-06
🛷,1F6F7,,Nicole Kornhaas,2019-05-06
🥅,1F945,,Nicole Kornhaas,2019-05-06
🥍,1F94D,,Nicole Kornhaas,2019-05-06
🥏,1F94F,,Nicole Kornhaas,2019-05-06
🧩,1F9E9,,Nicole Kornhaas,2019-05-06
🧮,1F9EE,,Nicole Kornhaas,2019-05-06
🧵,1F9F5,,Nicole Kornhaas,2019-05-06
🧶,1F9F6,,Nicole Kornhaas,2019-05-06
🧸,1F9F8,,Nicole Kornhaas,2019-05-06
🧿,1F9FF,,Nicole Kornhaas,2019-05-06
♟️,265F,,Nicole Kornhaas,2019-05-06
♠️,2660,,Nicole Kornhaas,2019-05-06
♣️,2663,,Nicole Kornhaas,2019-05-06
♥️,2665,,Nicole Kornhaas,2019-05-06
♦️,2666,,Nicole Kornhaas,2019-05-06
🏃‍♀️,1F3C3-200D-2640-FE0F,,Rifat Erdogan,2019-05-06
🏃‍♂️,1F3C3-200D-2642-FE0F,,Rifat Erdogan,2019-05-06
👯‍♀️,1F46F-200D-2640-FE0F,,Rifat Erdogan,2019-05-06
👯‍♂️,1F46F-200D-2642-FE0F,,Rifat Erdogan,2019-05-06
💁‍♀️,1F481-200D-2640-FE0F,,Rifat Erdogan,2019-05-06
💁‍♂️,1F481-200D-2642-FE0F,,Rifat Erdogan,2019-05-06
💆‍♀️,1F486-200D-2640-FE0F,,Rifat Erdogan,2019-05-06
💆‍♂️,1F486-200D-2642-FE0F,,Rifat Erdogan,2019-05-06
💇‍♀️,1F487-200D-2640-FE0F,,Rifat Erdogan,2019-05-06
💇‍♂️,1F487-200D-2642-FE0F,,Rifat Erdogan,2019-05-06
🙅‍♀️,1F645-200D-2640-FE0F,,Rifat Erdogan,2019-05-06
🙅‍♂️,1F645-200D-2642-FE0F,,Rifat Erdogan,2019-05-06
🙆‍♀️,1F646-200D-2640-FE0F,,Rifat Erdogan,2019-05-06
🙆‍♂️,1F646-200D-2642-FE0F,,Rifat Erdogan,2019-05-06
🙇‍♀️,1F647-200D-2640-FE0F,,Rifat Erdogan,2019-05-06
🙇‍♂️,1F647-200D-2642-FE0F,,Rifat Erdogan,2019-05-06
🙋‍♀️,1F64B-200D-2640-FE0F,,Rifat Erdogan,2019-05-06
🙋‍♂️,1F64B-200D-2642-FE0F,,Rifat Erdogan,2019-05-06
🙍‍♀️,1F64D-200D-2640-FE0F,,Rifat Erdogan,2019-05-06
🙍‍♂️,1F64D-200D-2642-FE0F,,Rifat Erdogan,2019-05-06
🙎‍♀️,1F64E-200D-2640-FE0F,,Rifat Erdogan,2019-05-06
🙎‍♂️,1F64E-200D-2642-FE0F,,Rifat Erdogan,2019-05-06
🤷‍♀️,1F937-200D-2640-FE0F,,Rifat Erdogan,2019-05-06
🤷‍♂️,1F937-200D-2642-FE0F,,Rifat Erdogan,2019-05-06
🧜,1F9DC,,Rifat Erdogan,2019-05-06
🧝‍♀️,1F9DD-200D-2640-FE0F,,Rifat Erdogan,2019-05-06
🧝‍♂️,1F9DD-200D-2642-FE0F,,Rifat Erdogan,2019-05-06
🧞‍♀️,1F9DE-200D-2640-FE0F,,Rifat Erdogan,2019-05-06
🧞‍♂️,1F9DE-200D-2642-FE0F,,Rifat Erdogan,2019-05-06
🧟‍♀️,1F9DF-200D-2640-FE0F,,Rifat Erdogan,2019-05-06
🧟‍♂️,1F9DF-200D-2642-FE0F,,Rifat Erdogan,2019-05-06
🟠,1F7E0,,Sam Eckert,2019-05-06
🟡,1F7E1,,Sam Eckert,2019-05-06
🟢,1F7E2,,Sam Eckert,2019-05-06
🟣,1F7E3,,Sam Eckert,2019-05-06
🟤,1F7E4,,Sam Eckert,2019-05-06
🟥,1F7E5,,Sam Eckert,2019-05-06
🟦,1F7E6,,Sam Eckert,2019-05-06
🟧,1F7E7,,Sam Eckert,2019-05-06
🟨,1F7E8,,Sam Eckert,2019-05-06
🟩,1F7E9,,Sam Eckert,2019-05-06
🟪,1F7EA,,Sam Eckert,2019-05-06
🟫,1F7EB,,Sam Eckert,2019-05-06
🥻,1F97B,,Sam Eckert,2019-05-06
🦯,1F9AF,,Sam Eckert,2019-05-06
🦺,1F9BA,,Sam Eckert,2019-05-06
🩰,1FA70,,Sam Eckert,2019-05-06
🩱,1FA71,,Sam Eckert,2019-05-06
🩲,1FA72,,Sam Eckert,2019-05-06
🩳,1FA73,,Sam Eckert,2019-05-06
🩸,1FA78,,Sam Eckert,2019-05-06
🩹,1FA79,,Sam Eckert,2019-05-06
🩺,1FA7A,,Sam Eckert,2019-05-06
🪑,1FA91,,Sam Eckert,2019-05-06
🪒,1FA92,,Sam Eckert,2019-05-06
🪓,1FA93,,Sam Eckert,2019-05-06
🪔,1FA94,,Sam Eckert,2019-05-06
🪕,1FA95,,Sam Eckert,2019-05-06
👨‍👦‍👦,1F468-200D-1F466-200D-1F466,,Fanny Jung,2019-05-06
👨‍👦,1F468-200D-1F466,,Fanny Jung,2019-05-06
👨‍👧‍👦,1F468-200D-1F467-200D-1F466,,Fanny Jung,2019-05-06
👨‍👧‍👧,1F468-200D-1F467-200D-1F467,,Fanny Jung,2019-05-06
👨‍👧,1F468-200D-1F467,,Fanny Jung,2019-05-06
👨‍👨‍👦‍👦,1F468-200D-1F468-200D-1F466-200D-1F466,,Fanny Jung,2019-05-06
👨‍👨‍👦,1F468-200D-1F468-200D-1F466,,Fanny Jung,2019-05-06
👨‍👨‍👧‍👦,1F468-200D-1F468-200D-1F467-200D-1F466,,Fanny Jung,2019-05-06
👨‍👨‍👧‍👧,1F468-200D-1F468-200D-1F467-200D-1F467,,Fanny Jung,2019-05-06
👨‍👨‍👧,1F468-200D-1F468-200D-1F467,,Fanny Jung,2019-05-06
👨‍👩‍👦‍👦,1F468-200D-1F469-200D-1F466-200D-1F466,,Fanny Jung,2019-05-06
👨‍👩‍👦,1F468-200D-1F469-200D-1F466,,Fanny Jung,2019-05-06
👨‍👩‍👧‍👦,1F468-200D-1F469-200D-1F467-200D-1F466,,Fanny Jung,2019-05-06
👨‍👩‍👧‍👧,1F468-200D-1F469-200D-1F467-200D-1F467,,Fanny Jung,2019-05-06
👩‍👦‍👦,1F469-200D-1F466-200D-1F466,,Fanny Jung,2019-05-06
👩‍👦,1F469-200D-1F466,,Fanny Jung,2019-05-06
👩‍👧‍👦,1F469-200D-1F467-200D-1F466,,Fanny Jung,2019-05-06
👩‍👧‍👧,1F469-200D-1F467-200D-1F467,,Fanny Jung,2019-05-06
👩‍👧,1F469-200D-1F467,,Fanny Jung,2019-05-06
👩‍👩‍👦‍👦,1F469-200D-1F469-200D-1F466-200D-1F466,,Fanny Jung,2019-05-06
👩‍👩‍👦,1F469-200D-1F469-200D-1F466,,Fanny Jung,2019-05-06
👩‍👩‍👧‍👦,1F469-200D-1F469-200D-1F467-200D-1F466,,Fanny Jung,2019-05-06
👩‍👩‍👧‍👧,1F469-200D-1F469-200D-1F467-200D-1F467,,Fanny Jung,2019-05-06
👩‍👩‍👧,1F469-200D-1F469-200D-1F467,,Fanny Jung,2019-05-06
🧑‍🤝‍🧑,1F9D1-200D-1F91D-200D-1F9D1,,Fanny Jung,2019-05-06
🅰️,1F170,,Laura Dworatschek,2019-05-06
🅱️,1F171,,Laura Dworatschek,2019-05-06
🅾️,1F17E,,Laura Dworatschek,2019-05-06
🆎,1F18E,,Laura Dworatschek,2019-05-06
🆑,1F191,,Laura Dworatschek,2019-05-06
🆓,1F193,,Laura Dworatschek,2019-05-06
🆖,1F196,,Laura Dworatschek,2019-05-06
🆙,1F199,,Laura Dworatschek,2019-05-06
🎌,1F38C,,Laura Dworatschek,2019-05-06
👨‍🦼,1F468-200D-1F9BC,,Laura Dworatschek,2019-05-06
👩‍🦼,1F469-200D-1F9BC,,Laura Dworatschek,2019-05-06
🤍,1F90D,,Laura Dworatschek,2019-05-06
🤎,1F90E,,Laura Dworatschek,2019-05-06
🤏,1F90F,,Laura Dworatschek,2019-05-06
🥱,1F971,,Laura Dworatschek,2019-05-06
🦻,1F9BB,,Laura Dworatschek,2019-05-06
🦾,1F9BE,,Laura Dworatschek,2019-05-06
🦿,1F9BF,,Laura Dworatschek,2019-05-06
🧍‍♀️,1F9CD-200D-2640-FE0F,,Laura Dworatschek,2019-05-06
🧍‍♂️,1F9CD-200D-2642-FE0F,,Laura Dworatschek,2019-05-06
🧍,1F9CD,,Laura Dworatschek,2019-05-06
🧎‍♀️,1F9CE-200D-2640-FE0F,,Laura Dworatschek,2019-05-06
🧎‍♂️,1F9CE-200D-2642-FE0F,,Laura Dworatschek,2019-05-06
🧎,1F9CE,,Laura Dworatschek,2019-05-06
🧏,1F9CF,,Laura Dworatschek,2019-05-06
Ⓜ️,24C2,,Laura Dworatschek,2019-05-06
#️⃣,0023-FE0F-20E3,,Selina Lange,2019-05-06
*️⃣,002A-FE0F-20E3,,Selina Lange,2019-05-06
0️⃣,0030-FE0F-20E3,,Selina Lange,2019-05-06
1️⃣,0031-FE0F-20E3,,Selina Lange,2019-05-06
2️⃣,0032-FE0F-20E3,,Selina Lange,2019-05-06
3️⃣,0033-FE0F-20E3,,Selina Lange,2019-05-06
4️⃣,0034-FE0F-20E3,,Selina Lange,2019-05-06
5️⃣,0035-FE0F-20E3,,Selina Lange,2019-05-06
6️⃣,0036-FE0F-20E3,,Selina Lange,2019-05-06
7️⃣,0037-FE0F-20E3,,Selina Lange,2019-05-06
8️⃣,0038-FE0F-20E3,,Selina Lange,2019-05-06
9️⃣,0039-FE0F-20E3,,Selina Lange,2019-05-06
📛,1F4DB,,Selina Lange,2019-05-06
🔟,1F51F,,Selina Lange,2019-05-06
🔰,1F530,,Selina Lange,2019-05-06
‼️,203C,,Selina Lange,2019-05-06
⁉️,2049,,Selina Lange,2019-05-06
™️,2122,,Selina Lange,2019-05-06
☣️,2623,,Selina Lange,2019-05-06
♌️,264C,,Selina Lange,2019-05-06
♾️,267E,,Selina Lange,2019-05-06
⚜️,269C,,Selina Lange,2019-05-06
✳️,2733,,Selina Lange,2019-05-06
✴️,2734,,Selina Lange,2019-05-06
❇️,2747,,Selina Lange,2019-05-06
➰,27B0,,Selina Lange,2019-05-06
➿,27BF,,Selina Lange,2019-05-06
〽️,303D,,Selina Lange,2019-05-06
🌁,1F301,,Jonas Dunkel,2019-05-07
🌉,1F309,,Jonas Dunkel,2019-05-07
🌌,1F30C,,Jonas Dunkel,2019-05-07
🌫️,1F32B,,Jonas Dunkel,2019-05-07
🎆,1F386,,Jonas Dunkel,2019-05-07
🎇,1F387,,Jonas Dunkel,2019-05-07
🎍,1F38D,,Jonas Dunkel,2019-05-07
🎏,1F38F,,Jonas Dunkel,2019-05-07
🎐,1F390,,Jonas Dunkel,2019-05-07
🎑,1F391,,Jonas Dunkel,2019-05-07
🚄,1F684,,Jonas Dunkel,2019-05-07
🛶,1F6F6,,Jonas Dunkel,2019-05-07
🛹,1F6F9,,Jonas Dunkel,2019-05-07
🥎,1F94E,,Jonas Dunkel,2019-05-07
🧁,1F9C1,,Jonas Dunkel,2019-05-07
🧧,1F9E7,,Jonas Dunkel,2019-05-07
🧨,1F9E8,,Jonas Dunkel,2019-05-07
🧱,1F9F1,,Jonas Dunkel,2019-05-07
🧳,1F9F3,,Jonas Dunkel,2019-05-07
🏧,1F3E7,,Tonia Reinhardt,2019-05-07
📇,1F4C7,,Tonia Reinhardt,2019-05-07
🗞️,1F5DE,,Tonia Reinhardt,2019-05-07
🚸,1F6B8,,Tonia Reinhardt,2019-05-07
🛂,1F6C2,,Tonia Reinhardt,2019-05-07
🛃,1F6C3,,Tonia Reinhardt,2019-05-07
🧪,1F9EA,,Tonia Reinhardt,2019-05-07
🧫,1F9EB,,Tonia Reinhardt,2019-05-07
🧬,1F9EC,,Tonia Reinhardt,2019-05-07
🧯,1F9EF,,Tonia Reinhardt,2019-05-07
🧰,1F9F0,,Tonia Reinhardt,2019-05-07
🧲,1F9F2,,Tonia Reinhardt,2019-05-07
🧴,1F9F4,,Tonia Reinhardt,2019-05-07
🧷,1F9F7,,Tonia Reinhardt,2019-05-07
🧹,1F9F9,,Tonia Reinhardt,2019-05-07
🧺,1F9FA,,Tonia Reinhardt,2019-05-07
🧻,1F9FB,,Tonia Reinhardt,2019-05-07
🧼,1F9FC,,Tonia Reinhardt,2019-05-07
🧽,1F9FD,,Tonia Reinhardt,2019-05-07
🧾,1F9FE,,Tonia Reinhardt,2019-05-07
🈁,1F201,,Yasmin Abdullahi,2019-05-07
🈚️,1F21A,,Yasmin Abdullahi,2019-05-07
🈯️,1F22F,,Yasmin Abdullahi,2019-05-07
🈶,1F236,,Yasmin Abdullahi,2019-05-07
🈷️,1F237,,Yasmin Abdullahi,2019-05-07
🈹,1F239,,Yasmin Abdullahi,2019-05-07
🉐,1F250,,Yasmin Abdullahi,2019-05-07
🐕‍🦺,1F415-200D-1F9BA,,Yasmin Abdullahi,2019-05-07
👨‍🦯,1F468-200D-1F9AF,,Yasmin Abdullahi,2019-05-07
👨‍🦽,1F468-200D-1F9BD,,Yasmin Abdullahi,2019-05-07
👩‍🦯,1F469-200D-1F9AF,,Yasmin Abdullahi,2019-05-07
👩‍🦽,1F469-200D-1F9BD,,Yasmin Abdullahi,2019-05-07
🦥,1F9A5,,Yasmin Abdullahi,2019-05-07
🦦,1F9A6,,Yasmin Abdullahi,2019-05-07
🦧,1F9A7,,Yasmin Abdullahi,2019-05-07
🦨,1F9A8,,Yasmin Abdullahi,2019-05-07
🦮,1F9AE,,Yasmin Abdullahi,2019-05-07
🧄,1F9C4,,Yasmin Abdullahi,2019-05-07
🧅,1F9C5,,Yasmin Abdullahi,2019-05-07
🧆,1F9C6,,Yasmin Abdullahi,2019-05-07
🧇,1F9C7,,Yasmin Abdullahi,2019-05-07
🍂,1F342,,Ricarda Krejci,2019-05-07
🍃,1F343,,Ricarda Krejci,2019-05-07
🍛,1F35B,,Ricarda Krejci,2019-05-07
🏵️,1F3F5,,Ricarda Krejci,2019-05-07
💠,1F4A0,,Ricarda Krejci,2019-05-07
💮,1F4AE,,Ricarda Krejci,2019-05-07
🔲,1F532,,Ricarda Krejci,2019-05-07
🔳,1F533,,Ricarda Krejci,2019-05-07
🔴,1F534,,Ricarda Krejci,2019-05-07
🔵,1F535,,Ricarda Krejci,2019-05-07
🔷,1F537,,Ricarda Krejci,2019-05-07
🔸,1F538,,Ricarda Krejci,2019-05-07
🔹,1F539,,Ricarda Krejci,2019-05-07
🥗,1F957,,Ricarda Krejci,2019-05-07
🥘,1F958,,Ricarda Krejci,2019-05-07
🥙,1F959,,Ricarda Krejci,2019-05-07
🥞,1F95E,,Ricarda Krejci,2019-05-07
🥟,1F95F,,Ricarda Krejci,2019-05-07
🥠,1F960,,Ricarda Krejci,2019-05-07
🥬,1F96C,,Ricarda Krejci,2019-05-07
🥭,1F96D,,Ricarda Krejci,2019-05-07
🥮,1F96E,,Ricarda Krejci,2019-05-07
🥯,1F96F,,Ricarda Krejci,2019-05-07
🦜,1F99C,,Ricarda Krejci,2019-05-07
🦞,1F99E,,Ricarda Krejci,2019-05-07
🦟,1F99F,,Ricarda Krejci,2019-05-07
🦠,1F9A0,,Ricarda Krejci,2019-05-07
🧂,1F9C2,,Ricarda Krejci,2019-05-07
⚪️,26AA,,Ricarda Krejci,2019-05-07
⚫️,26AB,,Ricarda Krejci,2019-05-07
🏄‍♀️,1F3C4-200D-2640-FE0F,,Florian Nagel,2019-05-07
🏄‍♂️,1F3C4-200D-2642-FE0F,,Florian Nagel,2019-05-07
🏊‍♀️,1F3CA-200D-2640-FE0F,,Florian Nagel,2019-05-07
🏊‍♂️,1F3CA-200D-2642-FE0F,,Florian Nagel,2019-05-07
🏋️‍♀️,1F3CB-FE0F-200D-2640-FE0F,,Florian Nagel,2019-05-07
🏋️‍♂️,1F3CB-FE0F-200D-2642-FE0F,,Florian Nagel,2019-05-07
🏌️‍♀️,1F3CC-FE0F-200D-2640-FE0F,,Florian Nagel,2019-05-07
🏌️‍♂️,1F3CC-FE0F-200D-2642-FE0F,,Florian Nagel,2019-05-07
🕴️,1F574,,Florian Nagel,2019-05-07
🚣‍♀️,1F6A3-200D-2640-FE0F,,Florian Nagel,2019-05-07
🚣‍♂️,1F6A3-200D-2642-FE0F,,Florian Nagel,2019-05-07
🚴‍♀️,1F6B4-200D-2640-FE0F,,Florian Nagel,2019-05-07
🚴‍♂️,1F6B4-200D-2642-FE0F,,Florian Nagel,2019-05-07
🚵‍♀️,1F6B5-200D-2640-FE0F,,Florian Nagel,2019-05-07
🚵‍♂️,1F6B5-200D-2642-FE0F,,Florian Nagel,2019-05-07
🤸‍♀️,1F938-200D-2640-FE0F,,Florian Nagel,2019-05-07
🤸‍♂️,1F938-200D-2642-FE0F,,Florian Nagel,2019-05-07
🤹‍♀️,1F939-200D-2640-FE0F,,Florian Nagel,2019-05-07
🤹‍♂️,1F939-200D-2642-FE0F,,Florian Nagel,2019-05-07
🤼‍♀️,1F93C-200D-2640-FE0F,,Florian Nagel,2019-05-07
🤼‍♂️,1F93C-200D-2642-FE0F,,Florian Nagel,2019-05-07
🤽‍♀️,1F93D-200D-2640-FE0F,,Florian Nagel,2019-05-07
🤽‍♂️,1F93D-200D-2642-FE0F,,Florian Nagel,2019-05-07
🤾‍♀️,1F93E-200D-2640-FE0F,,Florian Nagel,2019-05-07
🤾‍♂️,1F93E-200D-2642-FE0F,,Florian Nagel,2019-05-07
🧗‍♀️,1F9D7-200D-2640-FE0F,,Florian Nagel,2019-05-07
🧗‍♂️,1F9D7-200D-2642-FE0F,,Florian Nagel,2019-05-07
🧘‍♀️,1F9D8-200D-2640-FE0F,,Florian Nagel,2019-05-07
🧘‍♂️,1F9D8-200D-2642-FE0F,,Florian Nagel,2019-05-07
⛹️‍♀️,26F9-FE0F-200D-2640-FE0F,,Florian Nagel,2019-05-07
⛹️‍♂️,26F9-FE0F-200D-2642-FE0F,,Florian Nagel,2019-05-07
🏻,1F3FB,,Benedikt Groß,2019-05-07
🏼,1F3FC,,Benedikt Groß,2019-05-07
🏽,1F3FD,,Benedikt Groß,2019-05-07
🏾,1F3FE,,Benedikt Groß,2019-05-07
🏿,1F3FF,,Benedikt Groß,2019-05-07
🧭,1F9ED,"wayfinding, direction",Kai Magnus Müller,2018-04-18
🦡,1F9A1,,Laura Schießer,2019-05-07
🦰,1F9B0,,Nadine Bartel,2019-05-13
🦱,1F9B1,,Nadine Bartel,2019-05-13
🦲,1F9B2,,Nadine Bartel,2019-05-13
🦳,1F9B3,,Nadine Bartel,2019-05-13
🧖‍♀️,1F9D6-200D-2640-FE0F,,Florian Nagel,2019-05-13
🧖‍♂️,1F9D6-200D-2642-FE0F,,Florian Nagel,2019-05-13
🧖,1F9D6,,Florian Nagel,2019-05-13
🧏‍♀️,1F9CF-200D-2640-FE0F,,Laura Dworatschek,2019-05-13
🧏‍♂️,1F9CF-200D-2642-FE0F,,Laura Dworatschek,2019-05-13
